fe80::212:7407:7:707,65535
fe80::212:7402:2:202,718
fe80::212:7402:2:202,542
fe80::212:7402:2:202,896
fe80::212:7404:4:404,896
fe80::212:7401:1:101,1432
fe80::212:7407:7:707,1115
fe80::212:7402:2:202,627
fe80::212:7401:1:101,1256
fe80::212:7401:1:101,1386
fe80::212:7401:1:101,1484
fe80::212:7402:2:202,756
fe80::212:7404:4:404,2138
fe80::212:7402:2:202,602
fe80::212:7402:2:202,465
fe80::212:7402:2:202,684
fe80::212:7402:2:202,511
fe80::212:7401:1:101,957
fe80::212:7403:3:303,1536
fe80::212:7403:3:303,65535
fe80::212:7401:1:101,1340
fe80::212:7402:2:202,844
fe80::212:7401:1:101,1226
fe80::212:7401:1:101,795
fe80::212:7401:1:101,1089
fe80::212:7403:3:303,789
fe80::212:7402:2:202,456
fe80::212:7405:5:505,448
fe80::212:7401:1:101,780
fe80::212:7405:5:505,475
fe80::212:7402:2:202,798
fe80::212:7403:3:303,1452
fe80::212:7403:3:303,1154
fe80::212:7402:2:202,580
fe80::212:7401:1:101,1229
fe80::212:7401:1:101,1022
fe80::212:7403:3:303,821
fe80::212:7405:5:505,654
fe80::212:7402:2:202,475
fe80::212:7401:1:101,1127
fe80::212:7404:4:404,756
fe80::212:7401:1:101,884
fe80::212:7403:3:303,1386
fe80::212:7407:7:707,1978
fe80::212:7401:1:101,940
fe80::212:7405:5:505,684
fe80::212:7404:4:404,627
fe80::212:7401:1:101,1203
fe80::212:7402:2:202,560
fe80::212:7403:3:303,1082
fe80::212:7407:7:707,910
fe80::212:7404:4:404,65535
fe80::212:7405:5:505,465
fe80::212:7403:3:303,734
fe80::212:7401:1:101,1260
fe80::212:7405:5:505,65535
fe80::212:7403:3:303,1226
fe80::212:7401:1:101,1180
fe80::212:7401:1:101,1351
fe80::212:7405:5:505,798
fe80::212:7401:1:101,1239
fe80::212:7401:1:101,1039
fe80::212:7405:5:505,1550
fe80::212:7401:1:101,1298
fe80::212:7407:7:707,1053
fe80::212:7405:5:505,896
fe80::212:7401:1:101,914
fe80::212:7403:3:303,897
fe80::212:7404:4:404,844
fe80::212:7401:1:101,1184
fe80::212:7402:2:202,486
fe80::212:7404:4:404,654
fe80::212:7401:1:101,1218
fe80::212:7406:6:606,256
fe80::212:7407:7:707,990
fe80::212:7405:5:505,526
