-1306420.033000000,fe80::212:7406:6:606,240
-1306420.034000000,fe80::212:7406:6:606,240
-1306420.140000000,fe80::212:7406:6:606,240
-1306420.140000000,fe80::212:7406:6:606,240
-1306420.141000000,fe80::212:7406:6:606,240
-1306420.141000000,fe80::212:7406:6:606,240
-1306420.141000000,fe80::212:7406:6:606,240
-1306420.141000000,fe80::212:7406:6:606,240
-1306420.142000000,fe80::212:7406:6:606,240
-1306420.142000000,fe80::212:7406:6:606,240
-1306420.142000000,fe80::212:7406:6:606,240
-1306420.142000000,fe80::212:7406:6:606,240
-1306420.143000000,fe80::212:7406:6:606,240
-1306420.143000000,fe80::212:7406:6:606,240
-1306420.143000000,fe80::212:7406:6:606,240
-1306420.246000000,fe80::212:7406:6:606,240
-1306420.246000000,fe80::212:7406:6:606,240
-1306420.246000000,fe80::212:7406:6:606,240
-1306420.247000000,fe80::212:7406:6:606,240
-1306420.247000000,fe80::212:7406:6:606,240
-1306420.247000000,fe80::212:7406:6:606,240
-1306420.248000000,fe80::212:7406:6:606,240
-1306420.248000000,fe80::212:7406:6:606,240
-1306420.252000000,fe80::212:7406:6:606,240
-1306420.253000000,fe80::212:7406:6:606,240
-1306420.253000000,fe80::212:7406:6:606,240
-1306420.379000000,fe80::212:7406:6:606,240
-1306420.379000000,fe80::212:7406:6:606,240
-1306420.379000000,fe80::212:7406:6:606,240
-1306420.380000000,fe80::212:7406:6:606,240
-1306420.380000000,fe80::212:7406:6:606,240
-1306420.380000000,fe80::212:7406:6:606,240
-1306418.150000000,fe80::212:7405:5:505,240
-1306418.270000000,fe80::212:7405:5:505,240
-1306418.271000000,fe80::212:7405:5:505,240
-1306418.271000000,fe80::212:7405:5:505,240
-1306418.271000000,fe80::212:7405:5:505,240
-1306418.271000000,fe80::212:7405:5:505,240
-1306418.274000000,fe80::212:7405:5:505,240
-1306418.274000000,fe80::212:7405:5:505,240
-1306418.274000000,fe80::212:7405:5:505,240
-1306418.379000000,fe80::212:7405:5:505,240
-1306418.379000000,fe80::212:7405:5:505,240
-1306418.379000000,fe80::212:7405:5:505,240
-1306418.380000000,fe80::212:7405:5:505,240
-1306418.380000000,fe80::212:7405:5:505,240
-1306418.380000000,fe80::212:7405:5:505,240
-1306418.380000000,fe80::212:7405:5:505,240
-1306418.380000000,fe80::212:7405:5:505,240
-1306418.381000000,fe80::212:7405:5:505,240
-1306418.381000000,fe80::212:7405:5:505,240
-1306418.478000000,fe80::212:7405:5:505,240
-1306418.479000000,fe80::212:7405:5:505,240
-1306418.479000000,fe80::212:7405:5:505,240
-1306418.486000000,fe80::212:7405:5:505,240
-1306418.486000000,fe80::212:7405:5:505,240
-1306418.486000000,fe80::212:7405:5:505,240
-1306418.487000000,fe80::212:7405:5:505,240
-1306417.609000000,fe80::212:7405:5:505,240
-1306417.610000000,fe80::212:7405:5:505,240
-1306417.610000000,fe80::212:7405:5:505,240
-1306417.839000000,fe80::212:7402:2:202,240
-1306417.839000000,fe80::212:7402:2:202,240
-1306417.840000000,fe80::212:7402:2:202,240
-1306417.840000000,fe80::212:7402:2:202,240
-1306417.840000000,fe80::212:7402:2:202,240
-1306417.840000000,fe80::212:7402:2:202,240
-1306417.841000000,fe80::212:7402:2:202,240
-1306417.946000000,fe80::212:7402:2:202,240
-1306417.946000000,fe80::212:7402:2:202,240
-1306417.946000000,fe80::212:7402:2:202,240
-1306417.947000000,fe80::212:7402:2:202,240
-1306417.947000000,fe80::212:7402:2:202,240
-1306417.947000000,fe80::212:7402:2:202,240
-1306417.947000000,fe80::212:7402:2:202,240
-1306417.948000000,fe80::212:7402:2:202,240
-1306417.948000000,fe80::212:7402:2:202,240
-1306417.948000000,fe80::212:7402:2:202,240
-1306417.948000000,fe80::212:7402:2:202,240
-1306417.075000000,fe80::212:7402:2:202,240
-1306417.075000000,fe80::212:7402:2:202,240
-1306417.075000000,fe80::212:7402:2:202,240
-1306417.076000000,fe80::212:7402:2:202,240
-1306417.076000000,fe80::212:7402:2:202,240
-1306417.076000000,fe80::212:7402:2:202,240
-1306417.076000000,fe80::212:7402:2:202,240
-1306417.204000000,fe80::212:7402:2:202,240
-1306417.205000000,fe80::212:7402:2:202,240
-1306417.205000000,fe80::212:7402:2:202,240
-1306417.206000000,fe80::212:7402:2:202,240
-1306415.925000000,fe80::212:7401:1:101,240
-1306415.925000000,fe80::212:7401:1:101,240
-1306415.925000000,fe80::212:7401:1:101,240
-1306415.925000000,fe80::212:7401:1:101,240
-1306415.926000000,fe80::212:7401:1:101,240
-1306415.931000000,fe80::212:7401:1:101,240
-1306415.932000000,fe80::212:7401:1:101,240
-1306415.035000000,fe80::212:7401:1:101,240
-1306415.035000000,fe80::212:7401:1:101,240
-1306415.035000000,fe80::212:7401:1:101,240
-1306415.036000000,fe80::212:7401:1:101,240
-1306415.036000000,fe80::212:7401:1:101,240
-1306415.036000000,fe80::212:7401:1:101,240
-1306415.036000000,fe80::212:7401:1:101,240
-1306415.037000000,fe80::212:7401:1:101,240
-1306415.158000000,fe80::212:7401:1:101,240
-1306415.158000000,fe80::212:7401:1:101,240
-1306415.158000000,fe80::212:7401:1:101,240
-1306415.159000000,fe80::212:7401:1:101,240
-1306415.159000000,fe80::212:7401:1:101,240
-1306415.159000000,fe80::212:7401:1:101,240
-1306415.159000000,fe80::212:7401:1:101,240
-1306415.160000000,fe80::212:7401:1:101,240
-1306415.262000000,fe80::212:7401:1:101,240
-1306415.263000000,fe80::212:7401:1:101,240
-1306415.269000000,fe80::212:7401:1:101,240
-1306415.269000000,fe80::212:7401:1:101,240
-1306415.270000000,fe80::212:7401:1:101,240
-1306415.270000000,fe80::212:7401:1:101,240
-1306413.631000000,fe80::212:7404:4:404,240
-1306413.631000000,fe80::212:7404:4:404,240
-1306413.632000000,fe80::212:7404:4:404,240
-1306413.632000000,fe80::212:7404:4:404,240
-1306413.731000000,fe80::212:7404:4:404,240
-1306413.733000000,fe80::212:7404:4:404,240
-1306413.733000000,fe80::212:7404:4:404,240
-1306413.733000000,fe80::212:7404:4:404,240
-1306413.734000000,fe80::212:7404:4:404,240
-1306413.734000000,fe80::212:7404:4:404,240
-1306413.734000000,fe80::212:7404:4:404,240
-1306413.734000000,fe80::212:7404:4:404,240
-1306413.738000000,fe80::212:7404:4:404,240
-1306413.739000000,fe80::212:7404:4:404,240
-1306413.739000000,fe80::212:7404:4:404,240
-1306413.842000000,fe80::212:7404:4:404,240
-1306413.843000000,fe80::212:7404:4:404,240
-1306413.843000000,fe80::212:7404:4:404,240
-1306413.843000000,fe80::212:7404:4:404,240
-1306413.843000000,fe80::212:7404:4:404,240
-1306413.844000000,fe80::212:7404:4:404,240
-1306413.844000000,fe80::212:7404:4:404,240
-1306413.844000000,fe80::212:7404:4:404,240
-1306413.844000000,fe80::212:7404:4:404,240
-1306413.845000000,fe80::212:7404:4:404,240
-1306413.845000000,fe80::212:7404:4:404,240
-1306413.846000000,fe80::212:7404:4:404,240
-1306413.953000000,fe80::212:7404:4:404,240
-1306413.953000000,fe80::212:7404:4:404,240
-1306413.370000000,fe80::212:7403:3:303,240
-1306413.370000000,fe80::212:7403:3:303,240
-1306413.372000000,fe80::212:7403:3:303,240
-1306413.373000000,fe80::212:7403:3:303,240
-1306413.373000000,fe80::212:7403:3:303,240
-1306413.373000000,fe80::212:7403:3:303,240
-1306413.476000000,fe80::212:7403:3:303,240
-1306413.476000000,fe80::212:7403:3:303,240
-1306413.476000000,fe80::212:7403:3:303,240
-1306413.477000000,fe80::212:7403:3:303,240
-1306413.477000000,fe80::212:7403:3:303,240
-1306413.477000000,fe80::212:7403:3:303,240
-1306413.477000000,fe80::212:7403:3:303,240
-1306413.478000000,fe80::212:7403:3:303,240
-1306412.595000000,fe80::212:7403:3:303,240
-1306412.596000000,fe80::212:7403:3:303,240
-1306412.596000000,fe80::212:7403:3:303,240
-1306412.597000000,fe80::212:7403:3:303,240
-1306412.597000000,fe80::212:7403:3:303,240
-1306412.597000000,fe80::212:7403:3:303,240
-1306412.597000000,fe80::212:7403:3:303,240
-1306412.597000000,fe80::212:7403:3:303,240
-1306412.598000000,fe80::212:7403:3:303,240
-1306412.600000000,fe80::212:7403:3:303,240
-1306412.600000000,fe80::212:7403:3:303,240
-1306412.600000000,fe80::212:7403:3:303,240
-1306412.720000000,fe80::212:7403:3:303,240
-1306412.728000000,fe80::212:7403:3:303,240
-1306412.728000000,fe80::212:7403:3:303,240
-1306411.100000000,fe80::212:7406:6:606,240
-1306411.193000000,fe80::212:7406:6:606,240
-1306411.194000000,fe80::212:7406:6:606,240
-1306411.194000000,fe80::212:7406:6:606,240
-1306411.194000000,fe80::212:7406:6:606,240
-1306411.194000000,fe80::212:7406:6:606,240
-1306411.195000000,fe80::212:7406:6:606,240
-1306411.195000000,fe80::212:7406:6:606,240
-1306411.195000000,fe80::212:7406:6:606,240
-1306411.201000000,fe80::212:7406:6:606,240
-1306411.318000000,fe80::212:7406:6:606,240
-1306411.319000000,fe80::212:7406:6:606,240
-1306411.319000000,fe80::212:7406:6:606,240
-1306411.319000000,fe80::212:7406:6:606,240
-1306411.319000000,fe80::212:7406:6:606,240
-1306411.320000000,fe80::212:7406:6:606,240
-1306411.323000000,fe80::212:7406:6:606,240
-1306411.418000000,fe80::212:7406:6:606,240
-1306411.419000000,fe80::212:7406:6:606,240
-1306411.419000000,fe80::212:7406:6:606,240
-1306411.419000000,fe80::212:7406:6:606,240
-1306411.419000000,fe80::212:7406:6:606,240
-1306411.420000000,fe80::212:7406:6:606,240
-1306411.423000000,fe80::212:7406:6:606,240
-1306411.423000000,fe80::212:7406:6:606,240
-1306411.423000000,fe80::212:7406:6:606,240
-1306410.544000000,fe80::212:7406:6:606,240
-1306410.544000000,fe80::212:7406:6:606,240
-1306410.545000000,fe80::212:7406:6:606,240
-1306410.545000000,fe80::212:7406:6:606,240
-1306410.545000000,fe80::212:7406:6:606,240
-1306410.545000000,fe80::212:7406:6:606,240
-1306408.618000000,fe80::212:7405:5:505,240
-1306408.619000000,fe80::212:7405:5:505,240
-1306408.619000000,fe80::212:7405:5:505,240
-1306408.736000000,fe80::212:7405:5:505,240
-1306408.736000000,fe80::212:7405:5:505,240
-1306408.736000000,fe80::212:7405:5:505,240
-1306408.737000000,fe80::212:7405:5:505,240
-1306408.737000000,fe80::212:7405:5:505,240
-1306408.840000000,fe80::212:7405:5:505,240
-1306408.840000000,fe80::212:7405:5:505,240
-1306408.841000000,fe80::212:7405:5:505,240
-1306408.841000000,fe80::212:7405:5:505,240
-1306408.841000000,fe80::212:7405:5:505,240
-1306408.841000000,fe80::212:7405:5:505,240
-1306408.842000000,fe80::212:7405:5:505,240
-1306408.964000000,fe80::212:7405:5:505,240
-1306408.965000000,fe80::212:7405:5:505,240
-1306408.965000000,fe80::212:7405:5:505,240
-1306408.965000000,fe80::212:7405:5:505,240
-1306408.965000000,fe80::212:7405:5:505,240
-1306408.965000000,fe80::212:7405:5:505,240
-1306408.066000000,fe80::212:7405:5:505,240
-1306408.066000000,fe80::212:7405:5:505,240
-1306408.066000000,fe80::212:7405:5:505,240
-1306408.067000000,fe80::212:7405:5:505,240
-1306408.067000000,fe80::212:7405:5:505,240
-1306408.067000000,fe80::212:7405:5:505,240
-1306408.067000000,fe80::212:7405:5:505,240
-1306407.707000000,fe80::212:7405:5:505,240
-1306407.230000000,fe80::212:7402:2:202,240
-1306407.230000000,fe80::212:7402:2:202,240
-1306407.230000000,fe80::212:7402:2:202,240
-1306407.230000000,fe80::212:7402:2:202,240
-1306407.231000000,fe80::212:7402:2:202,240
-1306407.231000000,fe80::212:7402:2:202,240
-1306407.231000000,fe80::212:7402:2:202,240
-1306407.327000000,fe80::212:7402:2:202,240
-1306407.327000000,fe80::212:7402:2:202,240
-1306407.329000000,fe80::212:7402:2:202,240
-1306407.330000000,fe80::212:7402:2:202,240
-1306407.330000000,fe80::212:7402:2:202,240
-1306407.330000000,fe80::212:7402:2:202,240
-1306407.330000000,fe80::212:7402:2:202,240
-1306407.331000000,fe80::212:7402:2:202,240
-1306407.456000000,fe80::212:7402:2:202,240
-1306407.456000000,fe80::212:7402:2:202,240
-1306407.456000000,fe80::212:7402:2:202,240
-1306407.457000000,fe80::212:7402:2:202,240
-1306407.457000000,fe80::212:7402:2:202,240
-1306407.457000000,fe80::212:7402:2:202,240
-1306407.457000000,fe80::212:7402:2:202,240
-1306407.458000000,fe80::212:7402:2:202,240
-1306407.458000000,fe80::212:7402:2:202,240
-1306406.570000000,fe80::212:7402:2:202,240
-1306406.570000000,fe80::212:7402:2:202,240
-1306406.571000000,fe80::212:7402:2:202,240
-1306406.571000000,fe80::212:7402:2:202,240
-1306406.571000000,fe80::212:7402:2:202,240
-1306404.486000000,fe80::212:7401:1:101,240
-1306403.615000000,fe80::212:7401:1:101,240
-1306403.616000000,fe80::212:7401:1:101,240
-1306403.616000000,fe80::212:7401:1:101,240
-1306403.617000000,fe80::212:7401:1:101,240
-1306403.617000000,fe80::212:7401:1:101,240
-1306403.618000000,fe80::212:7401:1:101,240
-1306403.622000000,fe80::212:7401:1:101,240
-1306403.625000000,fe80::212:7401:1:101,240
-1306403.736000000,fe80::212:7401:1:101,240
-1306403.737000000,fe80::212:7401:1:101,240
-1306403.737000000,fe80::212:7401:1:101,240
-1306403.738000000,fe80::212:7401:1:101,240
-1306403.738000000,fe80::212:7401:1:101,240
-1306403.739000000,fe80::212:7401:1:101,240
-1306403.739000000,fe80::212:7401:1:101,240
-1306403.740000000,fe80::212:7401:1:101,240
-1306403.747000000,fe80::212:7401:1:101,240
-1306403.747000000,fe80::212:7401:1:101,240
-1306403.748000000,fe80::212:7401:1:101,240
-1306403.403000000,fe80::212:7401:1:101,240
-1306403.404000000,fe80::212:7401:1:101,240
-1306403.404000000,fe80::212:7401:1:101,240
-1306403.404000000,fe80::212:7401:1:101,240
-1306403.404000000,fe80::212:7401:1:101,240
-1306403.404000000,fe80::212:7401:1:101,240
-1306403.405000000,fe80::212:7401:1:101,240
-1306402.504000000,fe80::212:7401:1:101,240
-1306402.506000000,fe80::212:7401:1:101,240
-1306402.050000000,fe80::212:7403:3:303,240
-1306402.050000000,fe80::212:7403:3:303,240
-1306402.051000000,fe80::212:7403:3:303,240
-1306402.051000000,fe80::212:7403:3:303,240
-1306402.052000000,fe80::212:7403:3:303,240
-1306402.157000000,fe80::212:7403:3:303,240
-1306402.157000000,fe80::212:7403:3:303,240
-1306402.158000000,fe80::212:7403:3:303,240
-1306402.166000000,fe80::212:7403:3:303,240
-1306402.166000000,fe80::212:7403:3:303,240
-1306402.167000000,fe80::212:7403:3:303,240
-1306402.168000000,fe80::212:7403:3:303,240
-1306402.168000000,fe80::212:7403:3:303,240
-1306402.169000000,fe80::212:7403:3:303,240
-1306402.169000000,fe80::212:7403:3:303,240
-1306401.718000000,fe80::212:7403:3:303,240
-1306401.718000000,fe80::212:7403:3:303,240
-1306401.718000000,fe80::212:7403:3:303,240
-1306401.837000000,fe80::212:7403:3:303,240
-1306401.838000000,fe80::212:7403:3:303,240
-1306401.838000000,fe80::212:7403:3:303,240
-1306401.838000000,fe80::212:7403:3:303,240
-1306401.839000000,fe80::212:7403:3:303,240
-1306401.839000000,fe80::212:7403:3:303,240
-1306401.839000000,fe80::212:7403:3:303,240
-1306401.843000000,fe80::212:7403:3:303,240
-1306401.843000000,fe80::212:7403:3:303,240
-1306401.844000000,fe80::212:7403:3:303,240
-1306401.844000000,fe80::212:7403:3:303,240
-1306400.806000000,fe80::212:7404:4:404,240
-1306400.894000000,fe80::212:7404:4:404,240
-1306400.906000000,fe80::212:7404:4:404,240
-1306400.906000000,fe80::212:7404:4:404,240
-1306400.906000000,fe80::212:7404:4:404,240
-1306400.907000000,fe80::212:7404:4:404,240
-1306400.907000000,fe80::212:7404:4:404,240
-1306400.907000000,fe80::212:7404:4:404,240
-1306400.907000000,fe80::212:7404:4:404,240
-1306400.908000000,fe80::212:7404:4:404,240
-1306400.908000000,fe80::212:7404:4:404,240
-1306400.999000000,fe80::212:7404:4:404,240
-1306400.006000000,fe80::212:7404:4:404,240
-1306400.006000000,fe80::212:7404:4:404,240
-1306400.006000000,fe80::212:7404:4:404,240
-1306400.006000000,fe80::212:7404:4:404,240
-1306400.007000000,fe80::212:7404:4:404,240
-1306400.007000000,fe80::212:7404:4:404,240
-1306400.007000000,fe80::212:7404:4:404,240
-1306400.007000000,fe80::212:7404:4:404,240
-1306400.008000000,fe80::212:7404:4:404,240
-1306400.008000000,fe80::212:7404:4:404,240
-1306400.107000000,fe80::212:7404:4:404,240
-1306400.108000000,fe80::212:7404:4:404,240
-1306400.108000000,fe80::212:7404:4:404,240
-1306400.109000000,fe80::212:7404:4:404,240
-1306400.112000000,fe80::212:7404:4:404,240
-1306400.113000000,fe80::212:7404:4:404,240
-1306400.113000000,fe80::212:7404:4:404,240
-1306394.194000000,fe80::212:7406:6:606,240
-1306394.291000000,fe80::212:7406:6:606,240
-1306394.292000000,fe80::212:7406:6:606,240
-1306394.292000000,fe80::212:7406:6:606,240
-1306394.292000000,fe80::212:7406:6:606,240
-1306394.292000000,fe80::212:7406:6:606,240
-1306394.293000000,fe80::212:7406:6:606,240
-1306394.296000000,fe80::212:7406:6:606,240
-1306394.296000000,fe80::212:7406:6:606,240
-1306394.296000000,fe80::212:7406:6:606,240
-1306394.399000000,fe80::212:7406:6:606,240
-1306394.399000000,fe80::212:7406:6:606,240
-1306394.399000000,fe80::212:7406:6:606,240
-1306394.400000000,fe80::212:7406:6:606,240
-1306394.400000000,fe80::212:7406:6:606,240
-1306394.400000000,fe80::212:7406:6:606,240
-1306394.400000000,fe80::212:7406:6:606,240
-1306394.401000000,fe80::212:7406:6:606,240
-1306394.401000000,fe80::212:7406:6:606,240
-1306394.401000000,fe80::212:7406:6:606,240
-1306393.490000000,fe80::212:7406:6:606,240
-1306393.490000000,fe80::212:7406:6:606,240
-1306393.490000000,fe80::212:7406:6:606,240
-1306393.491000000,fe80::212:7406:6:606,240
-1306393.491000000,fe80::212:7406:6:606,240
-1306393.491000000,fe80::212:7406:6:606,240
-1306393.491000000,fe80::212:7406:6:606,240
-1306393.492000000,fe80::212:7406:6:606,240
-1306393.492000000,fe80::212:7406:6:606,240
-1306393.492000000,fe80::212:7406:6:606,240
-1306393.492000000,fe80::212:7406:6:606,240
-1306393.499000000,fe80::212:7406:6:606,240
-1306393.312000000,fe80::212:7402:2:202,240
-1306393.409000000,fe80::212:7402:2:202,240
-1306393.410000000,fe80::212:7402:2:202,240
-1306393.410000000,fe80::212:7402:2:202,240
-1306393.424000000,fe80::212:7402:2:202,240
-1306393.424000000,fe80::212:7402:2:202,240
-1306393.425000000,fe80::212:7402:2:202,240
-1306393.425000000,fe80::212:7402:2:202,240
-1306393.426000000,fe80::212:7402:2:202,240
-1306393.426000000,fe80::212:7402:2:202,240
-1306392.529000000,fe80::212:7402:2:202,240
-1306392.529000000,fe80::212:7402:2:202,240
-1306392.530000000,fe80::212:7402:2:202,240
-1306392.530000000,fe80::212:7402:2:202,240
-1306392.534000000,fe80::212:7402:2:202,240
-1306392.534000000,fe80::212:7402:2:202,240
-1306392.534000000,fe80::212:7402:2:202,240
-1306392.535000000,fe80::212:7402:2:202,240
-1306392.201000000,fe80::212:7402:2:202,240
-1306392.214000000,fe80::212:7402:2:202,240
-1306392.215000000,fe80::212:7402:2:202,240
-1306392.215000000,fe80::212:7402:2:202,240
-1306392.215000000,fe80::212:7402:2:202,240
-1306392.216000000,fe80::212:7402:2:202,240
-1306392.217000000,fe80::212:7402:2:202,240
-1306392.217000000,fe80::212:7402:2:202,240
-1306392.338000000,fe80::212:7402:2:202,240
-1306392.338000000,fe80::212:7402:2:202,240
-1306392.339000000,fe80::212:7402:2:202,240
-1306387.461000000,fe80::212:7401:1:101,240
-1306387.461000000,fe80::212:7401:1:101,240
-1306387.461000000,fe80::212:7401:1:101,240
-1306387.462000000,fe80::212:7401:1:101,240
-1306387.462000000,fe80::212:7401:1:101,240
-1306386.117000000,fe80::212:7401:1:101,240
-1306386.118000000,fe80::212:7401:1:101,240
-1306386.118000000,fe80::212:7401:1:101,240
-1306386.118000000,fe80::212:7401:1:101,240
-1306386.118000000,fe80::212:7401:1:101,240
-1306386.126000000,fe80::212:7401:1:101,240
-1306386.126000000,fe80::212:7401:1:101,240
-1306386.229000000,fe80::212:7401:1:101,240
-1306386.230000000,fe80::212:7401:1:101,240
-1306386.230000000,fe80::212:7401:1:101,240
-1306386.230000000,fe80::212:7401:1:101,240
-1306386.231000000,fe80::212:7401:1:101,240
-1306386.231000000,fe80::212:7401:1:101,240
-1306386.231000000,fe80::212:7401:1:101,240
-1306386.349000000,fe80::212:7401:1:101,240
-1306386.350000000,fe80::212:7401:1:101,240
-1306386.352000000,fe80::212:7401:1:101,240
-1306386.352000000,fe80::212:7401:1:101,240
-1306386.359000000,fe80::212:7401:1:101,240
-1306386.359000000,fe80::212:7401:1:101,240
-1306386.359000000,fe80::212:7401:1:101,240
-1306386.458000000,fe80::212:7401:1:101,240
-1306386.459000000,fe80::212:7401:1:101,240
-1306386.459000000,fe80::212:7401:1:101,240
-1306384.305000000,fe80::212:7405:5:505,240
-1306384.402000000,fe80::212:7405:5:505,240
-1306384.404000000,fe80::212:7405:5:505,240
-1306384.405000000,fe80::212:7405:5:505,240
-1306384.405000000,fe80::212:7405:5:505,240
-1306384.405000000,fe80::212:7405:5:505,240
-1306384.405000000,fe80::212:7405:5:505,240
-1306384.406000000,fe80::212:7405:5:505,240
-1306384.406000000,fe80::212:7405:5:505,240
-1306383.531000000,fe80::212:7405:5:505,240
-1306383.531000000,fe80::212:7405:5:505,240
-1306383.532000000,fe80::212:7405:5:505,240
-1306383.532000000,fe80::212:7405:5:505,240
-1306383.532000000,fe80::212:7405:5:505,240
-1306383.532000000,fe80::212:7405:5:505,240
-1306383.533000000,fe80::212:7405:5:505,240
-1306383.636000000,fe80::212:7405:5:505,240
-1306383.637000000,fe80::212:7405:5:505,240
-1306383.637000000,fe80::212:7405:5:505,240
-1306383.638000000,fe80::212:7405:5:505,240
-1306383.638000000,fe80::212:7405:5:505,240
-1306383.638000000,fe80::212:7405:5:505,240
-1306383.639000000,fe80::212:7405:5:505,240
-1306383.639000000,fe80::212:7405:5:505,240
-1306383.639000000,fe80::212:7405:5:505,240
-1306383.744000000,fe80::212:7405:5:505,240
-1306383.744000000,fe80::212:7405:5:505,240
-1306383.744000000,fe80::212:7405:5:505,240
-1306383.745000000,fe80::212:7405:5:505,240
-1306382.245000000,fe80::212:7403:3:303,240
-1306382.350000000,fe80::212:7403:3:303,240
-1306382.350000000,fe80::212:7403:3:303,240
-1306382.351000000,fe80::212:7403:3:303,240
-1306382.352000000,fe80::212:7403:3:303,240
-1306382.352000000,fe80::212:7403:3:303,240
-1306382.353000000,fe80::212:7403:3:303,240
-1306382.353000000,fe80::212:7403:3:303,240
-1306382.359000000,fe80::212:7403:3:303,240
-1306382.464000000,fe80::212:7403:3:303,240
-1306382.465000000,fe80::212:7403:3:303,240
-1306382.466000000,fe80::212:7403:3:303,240
-1306382.467000000,fe80::212:7403:3:303,240
-1306382.468000000,fe80::212:7403:3:303,240
-1306382.471000000,fe80::212:7403:3:303,240
-1306382.471000000,fe80::212:7403:3:303,240
-1306382.472000000,fe80::212:7403:3:303,240
-1306382.472000000,fe80::212:7403:3:303,240
-1306382.473000000,fe80::212:7403:3:303,240
-1306382.473000000,fe80::212:7403:3:303,240
-1306382.476000000,fe80::212:7403:3:303,240
-1306382.477000000,fe80::212:7403:3:303,240
-1306381.582000000,fe80::212:7403:3:303,240
-1306381.586000000,fe80::212:7403:3:303,240
-1306381.587000000,fe80::212:7403:3:303,240
-1306381.588000000,fe80::212:7403:3:303,240
-1306381.588000000,fe80::212:7403:3:303,240
-1306381.588000000,fe80::212:7403:3:303,240
-1306381.589000000,fe80::212:7403:3:303,240
-1306380.894000000,fe80::212:7404:4:404,240
-1306380.894000000,fe80::212:7404:4:404,240
-1306380.895000000,fe80::212:7404:4:404,240
-1306380.895000000,fe80::212:7404:4:404,240
-1306380.896000000,fe80::212:7404:4:404,240
-1306380.896000000,fe80::212:7404:4:404,240
-1306380.897000000,fe80::212:7404:4:404,240
-1306380.897000000,fe80::212:7404:4:404,240
-1306380.898000000,fe80::212:7404:4:404,240
-1306380.898000000,fe80::212:7404:4:404,240
-1306380.034000000,fe80::212:7404:4:404,240
-1306380.039000000,fe80::212:7404:4:404,240
-1306380.039000000,fe80::212:7404:4:404,240
-1306380.040000000,fe80::212:7404:4:404,240
-1306380.041000000,fe80::212:7404:4:404,240
-1306380.041000000,fe80::212:7404:4:404,240
-1306380.042000000,fe80::212:7404:4:404,240
-1306380.046000000,fe80::212:7404:4:404,240
-1306380.047000000,fe80::212:7404:4:404,240
-1306380.049000000,fe80::212:7404:4:404,240
-1306380.156000000,fe80::212:7404:4:404,240
-1306380.157000000,fe80::212:7404:4:404,240
-1306380.162000000,fe80::212:7404:4:404,240
-1306380.163000000,fe80::212:7404:4:404,240
-1306380.163000000,fe80::212:7404:4:404,240
-1306380.164000000,fe80::212:7404:4:404,240
-1306380.164000000,fe80::212:7404:4:404,240
-1306380.165000000,fe80::212:7404:4:404,240
-1306380.165000000,fe80::212:7404:4:404,240
-1306367.182000000,fe80::212:7406:6:606,240
-1306367.283000000,fe80::212:7406:6:606,240
-1306367.283000000,fe80::212:7406:6:606,240
-1306367.284000000,fe80::212:7406:6:606,240
-1306367.284000000,fe80::212:7406:6:606,240
-1306367.284000000,fe80::212:7406:6:606,240
-1306367.290000000,fe80::212:7406:6:606,240
-1306367.290000000,fe80::212:7406:6:606,240
-1306367.290000000,fe80::212:7406:6:606,240
-1306367.391000000,fe80::212:7406:6:606,240
-1306367.391000000,fe80::212:7406:6:606,240
-1306367.391000000,fe80::212:7406:6:606,240
-1306367.392000000,fe80::212:7406:6:606,240
-1306367.392000000,fe80::212:7406:6:606,240
-1306367.392000000,fe80::212:7406:6:606,240
-1306367.393000000,fe80::212:7406:6:606,240
-1306367.393000000,fe80::212:7406:6:606,240
-1306367.393000000,fe80::212:7406:6:606,240
-1306367.398000000,fe80::212:7406:6:606,240
-1306367.399000000,fe80::212:7406:6:606,240
-1306366.525000000,fe80::212:7406:6:606,240
-1306366.525000000,fe80::212:7406:6:606,240
-1306366.525000000,fe80::212:7406:6:606,240
-1306366.526000000,fe80::212:7406:6:606,240
-1306366.526000000,fe80::212:7406:6:606,240
-1306366.526000000,fe80::212:7406:6:606,240
-1306366.526000000,fe80::212:7406:6:606,240
-1306366.527000000,fe80::212:7406:6:606,240
-1306366.530000000,fe80::212:7406:6:606,240
-1306366.530000000,fe80::212:7406:6:606,240
-1306366.530000000,fe80::212:7406:6:606,240
-1306366.531000000,fe80::212:7406:6:606,240
-1306360.712000000,fe80::212:7405:5:505,240
-1306360.712000000,fe80::212:7405:5:505,240
-1306360.714000000,fe80::212:7405:5:505,240
-1306360.844000000,fe80::212:7405:5:505,240
-1306360.845000000,fe80::212:7405:5:505,240
-1306360.845000000,fe80::212:7405:5:505,240
-1306360.845000000,fe80::212:7405:5:505,240
-1306360.845000000,fe80::212:7405:5:505,240
-1306360.848000000,fe80::212:7405:5:505,240
-1306360.959000000,fe80::212:7405:5:505,240
-1306360.960000000,fe80::212:7405:5:505,240
-1306360.960000000,fe80::212:7405:5:505,240
-1306360.960000000,fe80::212:7405:5:505,240
-1306360.960000000,fe80::212:7405:5:505,240
-1306360.967000000,fe80::212:7405:5:505,240
-1306360.968000000,fe80::212:7405:5:505,240
-1306360.112000000,fe80::212:7405:5:505,240
-1306360.112000000,fe80::212:7405:5:505,240
-1306360.113000000,fe80::212:7405:5:505,240
-1306360.113000000,fe80::212:7405:5:505,240
-1306360.113000000,fe80::212:7405:5:505,240
-1306360.114000000,fe80::212:7405:5:505,240
-1306360.232000000,fe80::212:7405:5:505,240
-1306360.233000000,fe80::212:7405:5:505,240
-1306360.234000000,fe80::212:7405:5:505,240
-1306360.236000000,fe80::212:7405:5:505,240
-1306360.236000000,fe80::212:7405:5:505,240
-1306360.237000000,fe80::212:7405:5:505,240
-1306360.237000000,fe80::212:7405:5:505,240
-1306360.462000000,fe80::212:7402:2:202,240
-1306360.462000000,fe80::212:7402:2:202,240
-1306360.463000000,fe80::212:7402:2:202,240
-1306360.463000000,fe80::212:7402:2:202,240
-1306360.464000000,fe80::212:7402:2:202,240
-1306360.467000000,fe80::212:7402:2:202,240
-1306360.467000000,fe80::212:7402:2:202,240
-1306359.598000000,fe80::212:7402:2:202,240
-1306359.599000000,fe80::212:7402:2:202,240
-1306359.599000000,fe80::212:7402:2:202,240
-1306359.599000000,fe80::212:7402:2:202,240
-1306359.602000000,fe80::212:7402:2:202,240
-1306359.713000000,fe80::212:7402:2:202,240
-1306359.713000000,fe80::212:7402:2:202,240
-1306359.713000000,fe80::212:7402:2:202,240
-1306359.714000000,fe80::212:7402:2:202,240
-1306359.718000000,fe80::212:7402:2:202,240
-1306359.718000000,fe80::212:7402:2:202,240
-1306359.719000000,fe80::212:7402:2:202,240
-1306359.719000000,fe80::212:7402:2:202,240
-1306359.426000000,fe80::212:7402:2:202,240
-1306359.426000000,fe80::212:7402:2:202,240
-1306359.427000000,fe80::212:7402:2:202,240
-1306359.427000000,fe80::212:7402:2:202,240
-1306359.427000000,fe80::212:7402:2:202,240
-1306359.427000000,fe80::212:7402:2:202,240
-1306359.428000000,fe80::212:7402:2:202,240
-1306359.428000000,fe80::212:7402:2:202,240
-1306358.546000000,fe80::212:7402:2:202,240
-1306358.547000000,fe80::212:7401:1:101,240
-1306358.547000000,fe80::212:7401:1:101,240
-1306358.688000000,fe80::212:7401:1:101,240
-1306358.688000000,fe80::212:7401:1:101,240
-1306358.689000000,fe80::212:7401:1:101,240
-1306358.689000000,fe80::212:7401:1:101,240
-1306358.689000000,fe80::212:7401:1:101,240
-1306358.689000000,fe80::212:7401:1:101,240
-1306358.690000000,fe80::212:7401:1:101,240
-1306358.690000000,fe80::212:7401:1:101,240
-1306358.690000000,fe80::212:7401:1:101,240
-1306358.690000000,fe80::212:7401:1:101,240
-1306358.997000000,fe80::212:7401:1:101,240
-1306358.999000000,fe80::212:7401:1:101,240
-1306358.999000000,fe80::212:7401:1:101,240
-1306358.000000000,fe80::212:7401:1:101,240
-1306358.008000000,fe80::212:7401:1:101,240
-1306358.009000000,fe80::212:7401:1:101,240
-1306358.015000000,fe80::212:7401:1:101,240
-1306358.015000000,fe80::212:7401:1:101,240
-1306358.016000000,fe80::212:7401:1:101,240
-1306358.463000000,fe80::212:7401:1:101,240
-1306358.464000000,fe80::212:7401:1:101,240
-1306358.465000000,fe80::212:7401:1:101,240
-1306358.471000000,fe80::212:7401:1:101,240
-1306358.472000000,fe80::212:7401:1:101,240
-1306358.472000000,fe80::212:7401:1:101,240
-1306358.477000000,fe80::212:7401:1:101,240
-1306358.478000000,fe80::212:7401:1:101,240
-1306354.165000000,fe80::212:7403:3:303,240
-1306354.273000000,fe80::212:7403:3:303,240
-1306354.274000000,fe80::212:7403:3:303,240
-1306354.282000000,fe80::212:7403:3:303,240
-1306354.282000000,fe80::212:7403:3:303,240
-1306354.283000000,fe80::212:7403:3:303,240
-1306354.283000000,fe80::212:7403:3:303,240
-1306354.286000000,fe80::212:7403:3:303,240
-1306354.286000000,fe80::212:7403:3:303,240
-1306354.437000000,fe80::212:7403:3:303,240
-1306354.437000000,fe80::212:7403:3:303,240
-1306354.438000000,fe80::212:7403:3:303,240
-1306354.439000000,fe80::212:7403:3:303,240
-1306354.439000000,fe80::212:7403:3:303,240
-1306354.439000000,fe80::212:7403:3:303,240
-1306354.440000000,fe80::212:7403:3:303,240
-1306354.448000000,fe80::212:7403:3:303,240
-1306354.449000000,fe80::212:7403:3:303,240
-1306354.449000000,fe80::212:7403:3:303,240
-1306354.450000000,fe80::212:7403:3:303,240
-1306354.450000000,fe80::212:7403:3:303,240
-1306354.451000000,fe80::212:7403:3:303,240
-1306354.454000000,fe80::212:7403:3:303,240
-1306354.455000000,fe80::212:7403:3:303,240
-1306353.576000000,fe80::212:7403:3:303,240
-1306353.577000000,fe80::212:7403:3:303,240
-1306353.577000000,fe80::212:7403:3:303,240
-1306353.578000000,fe80::212:7403:3:303,240
-1306353.583000000,fe80::212:7403:3:303,240
-1306346.213000000,fe80::212:7404:4:404,240
-1306346.318000000,fe80::212:7404:4:404,240
-1306346.321000000,fe80::212:7404:4:404,240
-1306346.321000000,fe80::212:7404:4:404,240
-1306346.321000000,fe80::212:7404:4:404,240
-1306346.322000000,fe80::212:7404:4:404,240
-1306346.322000000,fe80::212:7404:4:404,240
-1306346.449000000,fe80::212:7404:4:404,240
-1306346.450000000,fe80::212:7404:4:404,240
-1306346.450000000,fe80::212:7404:4:404,240
-1306346.450000000,fe80::212:7404:4:404,240
-1306346.451000000,fe80::212:7404:4:404,240
-1306346.451000000,fe80::212:7404:4:404,240
-1306346.451000000,fe80::212:7404:4:404,240
-1306344.812000000,fe80::212:7404:4:404,240
-1306344.812000000,fe80::212:7404:4:404,240
-1306344.813000000,fe80::212:7404:4:404,240
-1306344.821000000,fe80::212:7404:4:404,240
-1306344.822000000,fe80::212:7404:4:404,240
-1306344.823000000,fe80::212:7404:4:404,240
-1306344.824000000,fe80::212:7404:4:404,240
-1306344.824000000,fe80::212:7404:4:404,240
-1306344.825000000,fe80::212:7404:4:404,240
-1306344.831000000,fe80::212:7404:4:404,240
-1306344.832000000,fe80::212:7404:4:404,240
-1306344.833000000,fe80::212:7404:4:404,240
-1306344.834000000,fe80::212:7404:4:404,240
-1306344.835000000,fe80::212:7404:4:404,240
-1306344.188000000,fe80::212:7404:4:404,240
-1306300.415000000,fe80::212:7402:2:202,240
-1306299.521000000,fe80::212:7402:2:202,240
-1306299.522000000,fe80::212:7402:2:202,240
-1306299.522000000,fe80::212:7402:2:202,240
-1306299.523000000,fe80::212:7402:2:202,240
-1306299.523000000,fe80::212:7402:2:202,240
-1306299.523000000,fe80::212:7402:2:202,240
-1306299.645000000,fe80::212:7402:2:202,240
-1306299.646000000,fe80::212:7402:2:202,240
-1306299.649000000,fe80::212:7402:2:202,240
-1306299.650000000,fe80::212:7402:2:202,240
-1306299.650000000,fe80::212:7402:2:202,240
-1306299.650000000,fe80::212:7402:2:202,240
-1306299.759000000,fe80::212:7402:2:202,240
-1306299.760000000,fe80::212:7402:2:202,240
-1306299.760000000,fe80::212:7402:2:202,240
-1306299.761000000,fe80::212:7402:2:202,240
-1306299.761000000,fe80::212:7402:2:202,240
-1306299.761000000,fe80::212:7402:2:202,240
-1306299.762000000,fe80::212:7402:2:202,240
-1306299.762000000,fe80::212:7402:2:202,240
-1306298.143000000,fe80::212:7402:2:202,240
-1306298.143000000,fe80::212:7402:2:202,240
-1306298.146000000,fe80::212:7402:2:202,240
-1306298.149000000,fe80::212:7402:2:202,240
-1306298.154000000,fe80::212:7402:2:202,240
-1306298.163000000,fe80::212:7402:2:202,240
-1306297.512000000,fe80::212:7402:2:202,240
-1306297.518000000,fe80::212:7402:2:202,240
-1306281.810000000,fe80::212:7403:3:303,240
-1306281.919000000,fe80::212:7403:3:303,240
-1306281.919000000,fe80::212:7403:3:303,240
-1306281.919000000,fe80::212:7403:3:303,240
-1306281.920000000,fe80::212:7403:3:303,240
-1306281.920000000,fe80::212:7403:3:303,240
-1306281.921000000,fe80::212:7403:3:303,240
-1306281.921000000,fe80::212:7403:3:303,240
-1306281.921000000,fe80::212:7403:3:303,240
-1306281.043000000,fe80::212:7403:3:303,240
-1306281.043000000,fe80::212:7403:3:303,240
-1306281.043000000,fe80::212:7403:3:303,240
-1306281.044000000,fe80::212:7403:3:303,240
-1306281.044000000,fe80::212:7403:3:303,240
-1306281.044000000,fe80::212:7403:3:303,240
-1306281.044000000,fe80::212:7403:3:303,240
-1306281.045000000,fe80::212:7403:3:303,240
-1306281.045000000,fe80::212:7403:3:303,240
-1306281.045000000,fe80::212:7403:3:303,240
-1306281.046000000,fe80::212:7403:3:303,240
-1306281.046000000,fe80::212:7403:3:303,240
-1306281.046000000,fe80::212:7403:3:303,240
-1306281.157000000,fe80::212:7403:3:303,240
-1306281.158000000,fe80::212:7403:3:303,240
-1306281.158000000,fe80::212:7403:3:303,240
-1306281.158000000,fe80::212:7403:3:303,240
-1306281.158000000,fe80::212:7403:3:303,240
-1306281.158000000,fe80::212:7403:3:303,240
-1306281.159000000,fe80::212:7403:3:303,240
-1306280.697000000,fe80::212:7404:4:404,240
-1306280.698000000,fe80::212:7404:4:404,240
-1306280.698000000,fe80::212:7404:4:404,240
-1306280.706000000,fe80::212:7404:4:404,240
-1306280.707000000,fe80::212:7404:4:404,240
-1306280.707000000,fe80::212:7404:4:404,240
-1306280.821000000,fe80::212:7404:4:404,240
-1306280.826000000,fe80::212:7404:4:404,240
-1306280.827000000,fe80::212:7404:4:404,240
-1306280.827000000,fe80::212:7404:4:404,240
-1306280.828000000,fe80::212:7404:4:404,240
-1306280.828000000,fe80::212:7404:4:404,240
-1306280.829000000,fe80::212:7404:4:404,240
-1306280.830000000,fe80::212:7404:4:404,240
-1306280.830000000,fe80::212:7404:4:404,240
-1306280.831000000,fe80::212:7404:4:404,240
-1306280.838000000,fe80::212:7404:4:404,240
-1306280.838000000,fe80::212:7404:4:404,240
-1306280.944000000,fe80::212:7404:4:404,240
-1306280.945000000,fe80::212:7404:4:404,240
-1306280.945000000,fe80::212:7404:4:404,240
-1306280.946000000,fe80::212:7404:4:404,240
-1306280.950000000,fe80::212:7404:4:404,240
-1306280.954000000,fe80::212:7404:4:404,240
-1306280.954000000,fe80::212:7404:4:404,240
-1306280.955000000,fe80::212:7404:4:404,240
-1306279.637000000,fe80::212:7404:4:404,240
-1306279.638000000,fe80::212:7404:4:404,240
-1306279.639000000,fe80::212:7404:4:404,240
-1306275.922000000,fe80::212:7406:6:606,240
-1306275.022000000,fe80::212:7406:6:606,240
-1306275.023000000,fe80::212:7406:6:606,240
-1306275.023000000,fe80::212:7406:6:606,240
-1306275.023000000,fe80::212:7406:6:606,240
-1306275.024000000,fe80::212:7406:6:606,240
-1306275.024000000,fe80::212:7406:6:606,240
-1306275.024000000,fe80::212:7406:6:606,240
-1306275.132000000,fe80::212:7406:6:606,240
-1306275.132000000,fe80::212:7406:6:606,240
-1306275.133000000,fe80::212:7406:6:606,240
-1306275.133000000,fe80::212:7406:6:606,240
-1306275.133000000,fe80::212:7406:6:606,240
-1306275.137000000,fe80::212:7406:6:606,240
-1306275.138000000,fe80::212:7406:6:606,240
-1306275.265000000,fe80::212:7406:6:606,240
-1306275.265000000,fe80::212:7406:6:606,240
-1306275.265000000,fe80::212:7406:6:606,240
-1306275.265000000,fe80::212:7406:6:606,240
-1306275.266000000,fe80::212:7406:6:606,240
-1306275.266000000,fe80::212:7406:6:606,240
-1306275.267000000,fe80::212:7406:6:606,240
-1306275.267000000,fe80::212:7406:6:606,240
-1306275.380000000,fe80::212:7406:6:606,240
-1306275.381000000,fe80::212:7406:6:606,240
-1306275.381000000,fe80::212:7406:6:606,240
-1306275.381000000,fe80::212:7406:6:606,240
-1306275.382000000,fe80::212:7406:6:606,240
-1306275.382000000,fe80::212:7406:6:606,240
-1306275.382000000,fe80::212:7406:6:606,240
-1306275.382000000,fe80::212:7406:6:606,240
-1306275.383000000,fe80::212:7406:6:606,240
-1306259.619000000,fe80::212:7405:5:505,240
-1306259.937000000,fe80::212:7405:5:505,240
-1306259.939000000,fe80::212:7405:5:505,240
-1306259.940000000,fe80::212:7405:5:505,240
-1306259.940000000,fe80::212:7405:5:505,240
-1306259.941000000,fe80::212:7405:5:505,240
-1306259.946000000,fe80::212:7405:5:505,240
-1306259.323000000,fe80::212:7405:5:505,240
-1306259.324000000,fe80::212:7405:5:505,240
-1306259.330000000,fe80::212:7405:5:505,240
-1306259.331000000,fe80::212:7405:5:505,240
-1306259.332000000,fe80::212:7405:5:505,240
-1306259.332000000,fe80::212:7405:5:505,240
-1306259.336000000,fe80::212:7405:5:505,240
-1306258.661000000,fe80::212:7405:5:505,240
-1306258.663000000,fe80::212:7405:5:505,240
-1306258.666000000,fe80::212:7405:5:505,240
-1306258.667000000,fe80::212:7405:5:505,240
-1306258.668000000,fe80::212:7405:5:505,240
-1306258.669000000,fe80::212:7405:5:505,240
-1306258.674000000,fe80::212:7405:5:505,240
-1306258.068000000,fe80::212:7405:5:505,240
-1306258.069000000,fe80::212:7405:5:505,240
-1306258.070000000,fe80::212:7405:5:505,240
-1306258.070000000,fe80::212:7405:5:505,240
-1306258.071000000,fe80::212:7405:5:505,240
-1306258.427000000,fe80::212:7405:5:505,240
-1306258.428000000,fe80::212:7405:5:505,240
-1306258.429000000,fe80::212:7405:5:505,240
-1306256.363000000,fe80::212:7401:1:101,240
-1306256.364000000,fe80::212:7401:1:101,240
-1306256.480000000,fe80::212:7401:1:101,240
-1306256.481000000,fe80::212:7401:1:101,240
-1306256.481000000,fe80::212:7401:1:101,240
-1306256.488000000,fe80::212:7401:1:101,240
-1306255.489000000,fe80::212:7401:1:101,240
-1306255.490000000,fe80::212:7401:1:101,240
-1306255.490000000,fe80::212:7401:1:101,240
-1306255.491000000,fe80::212:7401:1:101,240
-1306255.176000000,fe80::212:7401:1:101,240
-1306255.177000000,fe80::212:7401:1:101,240
-1306255.178000000,fe80::212:7401:1:101,240
-1306255.178000000,fe80::212:7401:1:101,240
-1306255.179000000,fe80::212:7401:1:101,240
-1306255.179000000,fe80::212:7401:1:101,240
-1306255.180000000,fe80::212:7401:1:101,240
-1306255.180000000,fe80::212:7401:1:101,240
-1306255.191000000,fe80::212:7401:1:101,240
-1306255.315000000,fe80::212:7401:1:101,240
-1306255.316000000,fe80::212:7401:1:101,240
-1306255.316000000,fe80::212:7401:1:101,240
-1306255.317000000,fe80::212:7401:1:101,240
-1306255.317000000,fe80::212:7401:1:101,240
-1306255.318000000,fe80::212:7401:1:101,240
-1306255.319000000,fe80::212:7401:1:101,240
-1306255.320000000,fe80::212:7401:1:101,240
-1306255.320000000,fe80::212:7401:1:101,240
-1306255.321000000,fe80::212:7401:1:101,240
-1306155.433000000,fe80::212:7404:4:404,240
-1306155.434000000,fe80::212:7404:4:404,240
-1306155.434000000,fe80::212:7404:4:404,240
-1306155.435000000,fe80::212:7404:4:404,240
-1306155.435000000,fe80::212:7404:4:404,240
-1306155.436000000,fe80::212:7404:4:404,240
-1306155.437000000,fe80::212:7404:4:404,240
-1306154.552000000,fe80::212:7404:4:404,240
-1306154.552000000,fe80::212:7404:4:404,240
-1306154.553000000,fe80::212:7404:4:404,240
-1306154.559000000,fe80::212:7404:4:404,240
-1306154.559000000,fe80::212:7404:4:404,240
-1306154.560000000,fe80::212:7404:4:404,240
-1306154.561000000,fe80::212:7404:4:404,240
-1306154.561000000,fe80::212:7404:4:404,240
-1306154.562000000,fe80::212:7404:4:404,240
-1306154.562000000,fe80::212:7404:4:404,240
-1306154.562000000,fe80::212:7404:4:404,240
-1306154.563000000,fe80::212:7404:4:404,240
-1306154.563000000,fe80::212:7404:4:404,240
-1306154.564000000,fe80::212:7404:4:404,240
-1306154.267000000,fe80::212:7404:4:404,240
-1306154.271000000,fe80::212:7404:4:404,240
-1306154.271000000,fe80::212:7404:4:404,240
-1306154.272000000,fe80::212:7404:4:404,240
-1306154.272000000,fe80::212:7404:4:404,240
-1306154.272000000,fe80::212:7404:4:404,240
-1306154.272000000,fe80::212:7404:4:404,240
-1306154.273000000,fe80::212:7404:4:404,240
-1306126.150000000,fe80::212:7403:3:303,240
-1306126.151000000,fe80::212:7403:3:303,240
-1306126.152000000,fe80::212:7403:3:303,240
-1306125.613000000,fe80::212:7403:3:303,240
-1306125.619000000,fe80::212:7403:3:303,240
-1306125.620000000,fe80::212:7403:3:303,240
-1306125.626000000,fe80::212:7403:3:303,240
-1306125.628000000,fe80::212:7403:3:303,240
-1306125.633000000,fe80::212:7403:3:303,240
-1306125.635000000,fe80::212:7403:3:303,240
-1306125.636000000,fe80::212:7403:3:303,240
-1306125.066000000,fe80::212:7403:3:303,240
-1306125.075000000,fe80::212:7403:3:303,240
-1306125.077000000,fe80::212:7403:3:303,240
-1306125.083000000,fe80::212:7403:3:303,240
-1306125.084000000,fe80::212:7403:3:303,240
-1306125.092000000,fe80::212:7403:3:303,240
-1306125.094000000,fe80::212:7403:3:303,240
-1306125.103000000,fe80::212:7403:3:303,240
-1306125.108000000,fe80::212:7403:3:303,240
-1306125.124000000,fe80::212:7403:3:303,240
-1306125.133000000,fe80::212:7403:3:303,240
-1306125.144000000,fe80::212:7403:3:303,240
-1306125.147000000,fe80::212:7403:3:303,240
-1306125.155000000,fe80::212:7403:3:303,240
-1306125.157000000,fe80::212:7403:3:303,240
-1306125.164000000,fe80::212:7403:3:303,240
-1306124.627000000,fe80::212:7403:3:303,240
-1306124.631000000,fe80::212:7403:3:303,240
-1306084.363000000,fe80::212:7402:2:202,240
-1306084.363000000,fe80::212:7402:2:202,240
-1306084.364000000,fe80::212:7402:2:202,240
-1306084.364000000,fe80::212:7402:2:202,240
-1306084.364000000,fe80::212:7402:2:202,240
-1306084.364000000,fe80::212:7402:2:202,240
-1306083.498000000,fe80::212:7402:2:202,240
-1306083.498000000,fe80::212:7402:2:202,240
-1306083.498000000,fe80::212:7402:2:202,240
-1306083.498000000,fe80::212:7402:2:202,240
-1306083.499000000,fe80::212:7402:2:202,240
-1306083.499000000,fe80::212:7402:2:202,240
-1306083.605000000,fe80::212:7402:2:202,240
-1306083.606000000,fe80::212:7402:2:202,240
-1306083.606000000,fe80::212:7402:2:202,240
-1306083.609000000,fe80::212:7402:2:202,240
-1306083.609000000,fe80::212:7402:2:202,240
-1306083.609000000,fe80::212:7402:2:202,240
-1306083.609000000,fe80::212:7402:2:202,240
-1306083.611000000,fe80::212:7402:2:202,240
-1306083.611000000,fe80::212:7402:2:202,240
-1306083.612000000,fe80::212:7402:2:202,240
-1306083.753000000,fe80::212:7402:2:202,240
-1306083.754000000,fe80::212:7402:2:202,240
-1306083.755000000,fe80::212:7402:2:202,240
-1306083.755000000,fe80::212:7402:2:202,240
-1306083.755000000,fe80::212:7402:2:202,240
-1306083.756000000,fe80::212:7402:2:202,240
-1306083.756000000,fe80::212:7402:2:202,240
-1306078.601000000,fe80::212:7405:5:505,240
-1306078.603000000,fe80::212:7405:5:505,240
-1306078.609000000,fe80::212:7405:5:505,240
-1306078.790000000,fe80::212:7405:5:505,240
-1306078.791000000,fe80::212:7405:5:505,240
-1306078.791000000,fe80::212:7405:5:505,240
-1306078.792000000,fe80::212:7405:5:505,240
-1306078.792000000,fe80::212:7405:5:505,240
-1306078.793000000,fe80::212:7405:5:505,240
-1306078.796000000,fe80::212:7405:5:505,240
-1306078.796000000,fe80::212:7405:5:505,240
-1306078.797000000,fe80::212:7405:5:505,240
-1306078.481000000,fe80::212:7405:5:505,240
-1306078.482000000,fe80::212:7405:5:505,240
-1306078.492000000,fe80::212:7405:5:505,240
-1306077.493000000,fe80::212:7405:5:505,240
-1306077.495000000,fe80::212:7405:5:505,240
-1306077.495000000,fe80::212:7405:5:505,240
-1306077.496000000,fe80::212:7405:5:505,240
-1306077.496000000,fe80::212:7405:5:505,240
-1306077.497000000,fe80::212:7405:5:505,240
-1306077.503000000,fe80::212:7405:5:505,240
-1306077.623000000,fe80::212:7405:5:505,240
-1306077.624000000,fe80::212:7405:5:505,240
-1306077.625000000,fe80::212:7405:5:505,240
-1306077.625000000,fe80::212:7405:5:505,240
-1306077.626000000,fe80::212:7405:5:505,240
-1306077.626000000,fe80::212:7405:5:505,240
-1306077.627000000,fe80::212:7405:5:505,240
-1306058.511000000,fe80::212:7406:6:606,240
-1306058.513000000,fe80::212:7406:6:606,240
-1306058.513000000,fe80::212:7406:6:606,240
-1306058.514000000,fe80::212:7406:6:606,240
-1306058.515000000,fe80::212:7406:6:606,240
-1306058.516000000,fe80::212:7406:6:606,240
-1306058.517000000,fe80::212:7406:6:606,240
-1306058.518000000,fe80::212:7406:6:606,240
-1306058.527000000,fe80::212:7406:6:606,240
-1306058.528000000,fe80::212:7406:6:606,240
-1306058.528000000,fe80::212:7406:6:606,240
-1306058.739000000,fe80::212:7406:6:606,240
-1306058.739000000,fe80::212:7406:6:606,240
-1306058.740000000,fe80::212:7406:6:606,240
-1306058.740000000,fe80::212:7406:6:606,240
-1306058.740000000,fe80::212:7406:6:606,240
-1306058.741000000,fe80::212:7406:6:606,240
-1306058.741000000,fe80::212:7406:6:606,240
-1306058.741000000,fe80::212:7406:6:606,240
-1306058.742000000,fe80::212:7406:6:606,240
-1306058.742000000,fe80::212:7406:6:606,240
-1306058.742000000,fe80::212:7406:6:606,240
-1306058.850000000,fe80::212:7406:6:606,240
-1306058.854000000,fe80::212:7406:6:606,240
-1306058.855000000,fe80::212:7406:6:606,240
-1306058.855000000,fe80::212:7406:6:606,240
-1306058.855000000,fe80::212:7406:6:606,240
-1306058.856000000,fe80::212:7406:6:606,240
-1306058.856000000,fe80::212:7406:6:606,240
-1306058.856000000,fe80::212:7406:6:606,240
-1306058.857000000,fe80::212:7406:6:606,240
-1306058.857000000,fe80::212:7406:6:606,240
-1306058.002000000,fe80::212:7401:1:101,240
-1306058.002000000,fe80::212:7401:1:101,240
-1306058.003000000,fe80::212:7401:1:101,240
-1306058.004000000,fe80::212:7401:1:101,240
-1306058.004000000,fe80::212:7401:1:101,240
-1306058.005000000,fe80::212:7401:1:101,240
-1306058.119000000,fe80::212:7401:1:101,240
-1306058.128000000,fe80::212:7401:1:101,240
-1306058.128000000,fe80::212:7401:1:101,240
-1306058.129000000,fe80::212:7401:1:101,240
-1306058.129000000,fe80::212:7401:1:101,240
-1306058.130000000,fe80::212:7401:1:101,240
-1306058.130000000,fe80::212:7401:1:101,240
-1306058.273000000,fe80::212:7401:1:101,240
-1306058.274000000,fe80::212:7401:1:101,240
-1306058.275000000,fe80::212:7401:1:101,240
-1306058.275000000,fe80::212:7401:1:101,240
-1306058.276000000,fe80::212:7401:1:101,240
-1306058.276000000,fe80::212:7401:1:101,240
-1306058.287000000,fe80::212:7401:1:101,240
-1306057.951000000,fe80::212:7401:1:101,240
-1306057.953000000,fe80::212:7401:1:101,240
-1306057.953000000,fe80::212:7401:1:101,240
-1306057.953000000,fe80::212:7401:1:101,240
-1306057.954000000,fe80::212:7401:1:101,240
-1306057.954000000,fe80::212:7401:1:101,240
-1306057.955000000,fe80::212:7401:1:101,240
-1306057.955000000,fe80::212:7401:1:101,240
-1306057.955000000,fe80::212:7401:1:101,240
-1305752.073000000,fe80::212:7402:2:202,240
-1305752.078000000,fe80::212:7402:2:202,240
-1305752.079000000,fe80::212:7402:2:202,240
-1305752.079000000,fe80::212:7402:2:202,240
-1305752.079000000,fe80::212:7402:2:202,240
-1305752.079000000,fe80::212:7402:2:202,240
-1305752.080000000,fe80::212:7402:2:202,240
-1305752.211000000,fe80::212:7402:2:202,240
-1305752.211000000,fe80::212:7402:2:202,240
-1305752.211000000,fe80::212:7402:2:202,240
-1305752.211000000,fe80::212:7402:2:202,240
-1305752.214000000,fe80::212:7402:2:202,240
-1305752.215000000,fe80::212:7402:2:202,240
-1305752.215000000,fe80::212:7402:2:202,240
-1305752.215000000,fe80::212:7402:2:202,240
-1305752.215000000,fe80::212:7402:2:202,240
-1305752.324000000,fe80::212:7402:2:202,240
-1305752.325000000,fe80::212:7402:2:202,240
-1305752.325000000,fe80::212:7402:2:202,240
-1305752.325000000,fe80::212:7402:2:202,240
-1305752.326000000,fe80::212:7402:2:202,240
-1305752.326000000,fe80::212:7402:2:202,240
-1305752.326000000,fe80::212:7402:2:202,240
-1305752.326000000,fe80::212:7402:2:202,240
-1305752.327000000,fe80::212:7402:2:202,240
-1305752.456000000,fe80::212:7402:2:202,240
-1305752.456000000,fe80::212:7402:2:202,240
-1305752.456000000,fe80::212:7402:2:202,240
-1305752.456000000,fe80::212:7402:2:202,240
-1305710.948000000,fe80::212:7403:3:303,240
-1305710.950000000,fe80::212:7403:3:303,240
-1305710.952000000,fe80::212:7403:3:303,240
-1305710.953000000,fe80::212:7403:3:303,240
-1305710.958000000,fe80::212:7403:3:303,240
-1305710.963000000,fe80::212:7403:3:303,240
-1305710.966000000,fe80::212:7403:3:303,240
-1305710.379000000,fe80::212:7403:3:303,240
-1305710.383000000,fe80::212:7403:3:303,240
-1305710.384000000,fe80::212:7403:3:303,240
-1305710.386000000,fe80::212:7403:3:303,240
-1305710.395000000,fe80::212:7403:3:303,240
-1305710.397000000,fe80::212:7403:3:303,240
-1305710.399000000,fe80::212:7403:3:303,240
-1305710.401000000,fe80::212:7403:3:303,240
-1305710.402000000,fe80::212:7403:3:303,240
-1305710.408000000,fe80::212:7403:3:303,240
-1305710.415000000,fe80::212:7403:3:303,240
-1305710.426000000,fe80::212:7403:3:303,240
-1305709.817000000,fe80::212:7403:3:303,240
-1305709.819000000,fe80::212:7403:3:303,240
-1305709.827000000,fe80::212:7403:3:303,240
-1305709.828000000,fe80::212:7403:3:303,240
-1305709.830000000,fe80::212:7403:3:303,240
-1305709.837000000,fe80::212:7403:3:303,240
-1305709.839000000,fe80::212:7403:3:303,240
-1305709.841000000,fe80::212:7403:3:303,240
-1305709.842000000,fe80::212:7403:3:303,240
-1305709.851000000,fe80::212:7403:3:303,240
-1305607.634000000,fe80::212:7401:1:101,240
-1305607.635000000,fe80::212:7401:1:101,240
-1305607.636000000,fe80::212:7401:1:101,240
-1305607.637000000,fe80::212:7401:1:101,240
-1305607.058000000,fe80::212:7401:1:101,240
-1305607.060000000,fe80::212:7401:1:101,240
-1305607.062000000,fe80::212:7401:1:101,240
-1305607.065000000,fe80::212:7401:1:101,240
-1305607.066000000,fe80::212:7401:1:101,240
-1305607.067000000,fe80::212:7401:1:101,240
-1305607.084000000,fe80::212:7401:1:101,240
-1305607.089000000,fe80::212:7401:1:101,240
-1305607.466000000,fe80::212:7401:1:101,240
-1305607.470000000,fe80::212:7401:1:101,240
-1305607.471000000,fe80::212:7401:1:101,240
-1305607.472000000,fe80::212:7401:1:101,240
-1305607.472000000,fe80::212:7401:1:101,240
-1305606.883000000,fe80::212:7401:1:101,240
-1305606.890000000,fe80::212:7401:1:101,240
-1305606.891000000,fe80::212:7401:1:101,240
-1305606.892000000,fe80::212:7401:1:101,240
-1305606.893000000,fe80::212:7401:1:101,240
-1305606.108000000,fe80::212:7401:1:101,240
-1305606.108000000,fe80::212:7401:1:101,240
-1305606.108000000,fe80::212:7401:1:101,240
-1305606.109000000,fe80::212:7401:1:101,240
-1305606.109000000,fe80::212:7401:1:101,240
-1305606.109000000,fe80::212:7401:1:101,240
-1305606.109000000,fe80::212:7401:1:101,240
-1305598.066000000,fe80::212:7404:4:404,240
-1305598.066000000,fe80::212:7404:4:404,240
-1305598.066000000,fe80::212:7404:4:404,240
-1305598.170000000,fe80::212:7404:4:404,240
-1305598.170000000,fe80::212:7404:4:404,240
-1305598.170000000,fe80::212:7404:4:404,240
-1305598.170000000,fe80::212:7404:4:404,240
-1305598.171000000,fe80::212:7404:4:404,240
-1305598.171000000,fe80::212:7404:4:404,240
-1305598.171000000,fe80::212:7404:4:404,240
-1305598.284000000,fe80::212:7404:4:404,240
-1305598.285000000,fe80::212:7404:4:404,240
-1305598.285000000,fe80::212:7404:4:404,240
-1305598.285000000,fe80::212:7404:4:404,240
-1305598.286000000,fe80::212:7404:4:404,240
-1305598.286000000,fe80::212:7404:4:404,240
-1305598.286000000,fe80::212:7404:4:404,240
-1305598.286000000,fe80::212:7404:4:404,240
-1305598.393000000,fe80::212:7404:4:404,240
-1305598.393000000,fe80::212:7404:4:404,240
-1305598.393000000,fe80::212:7404:4:404,240
-1305598.393000000,fe80::212:7404:4:404,240
-1305598.394000000,fe80::212:7404:4:404,240
-1305598.394000000,fe80::212:7404:4:404,240
-1305598.399000000,fe80::212:7404:4:404,240
-1305598.400000000,fe80::212:7404:4:404,240
-1305598.400000000,fe80::212:7404:4:404,240
-1305598.400000000,fe80::212:7404:4:404,240
-1305598.400000000,fe80::212:7404:4:404,240
-1305585.669000000,fe80::212:7406:6:606,240
-1305585.669000000,fe80::212:7406:6:606,240
-1305585.670000000,fe80::212:7406:6:606,240
-1305585.670000000,fe80::212:7406:6:606,240
-1305585.676000000,fe80::212:7406:6:606,240
-1305585.677000000,fe80::212:7406:6:606,240
-1305585.677000000,fe80::212:7406:6:606,240
-1305585.787000000,fe80::212:7406:6:606,240
-1305585.787000000,fe80::212:7406:6:606,240
-1305585.788000000,fe80::212:7406:6:606,240
-1305585.789000000,fe80::212:7406:6:606,240
-1305585.790000000,fe80::212:7406:6:606,240
-1305585.791000000,fe80::212:7406:6:606,240
-1305585.791000000,fe80::212:7406:6:606,240
-1305585.792000000,fe80::212:7406:6:606,240
-1305585.792000000,fe80::212:7406:6:606,240
-1305585.793000000,fe80::212:7406:6:606,240
-1305585.793000000,fe80::212:7406:6:606,240
-1305585.800000000,fe80::212:7406:6:606,240
-1305585.801000000,fe80::212:7406:6:606,240
-1305585.801000000,fe80::212:7406:6:606,240
-1305585.802000000,fe80::212:7406:6:606,240
-1305585.802000000,fe80::212:7406:6:606,240
-1305585.803000000,fe80::212:7406:6:606,240
-1305585.810000000,fe80::212:7406:6:606,240
-1305585.950000000,fe80::212:7406:6:606,240
-1305585.951000000,fe80::212:7406:6:606,240
-1305585.951000000,fe80::212:7406:6:606,240
-1305585.952000000,fe80::212:7406:6:606,240
-1305585.952000000,fe80::212:7406:6:606,240
-1305585.953000000,fe80::212:7406:6:606,240
-1305585.953000000,fe80::212:7406:6:606,240
-1305555.185000000,fe80::212:7405:5:505,240
-1305555.187000000,fe80::212:7405:5:505,240
-1305555.193000000,fe80::212:7405:5:505,240
-1305555.194000000,fe80::212:7405:5:505,240
-1305554.538000000,fe80::212:7405:5:505,240
-1305554.541000000,fe80::212:7405:5:505,240
-1305554.543000000,fe80::212:7405:5:505,240
-1305554.545000000,fe80::212:7405:5:505,240
-1305554.556000000,fe80::212:7405:5:505,240
-1305554.557000000,fe80::212:7405:5:505,240
-1305554.559000000,fe80::212:7405:5:505,240
-1305554.561000000,fe80::212:7405:5:505,240
-1305554.572000000,fe80::212:7405:5:505,240
-1305554.012000000,fe80::212:7405:5:505,240
-1305554.014000000,fe80::212:7405:5:505,240
-1305554.021000000,fe80::212:7405:5:505,240
-1305554.025000000,fe80::212:7405:5:505,240
-1305554.032000000,fe80::212:7405:5:505,240
-1305554.034000000,fe80::212:7405:5:505,240
-1305554.035000000,fe80::212:7405:5:505,240
-1305554.037000000,fe80::212:7405:5:505,240
-1305554.043000000,fe80::212:7405:5:505,240
-1305554.045000000,fe80::212:7405:5:505,240
-1305554.047000000,fe80::212:7405:5:505,240
-1305554.064000000,fe80::212:7405:5:505,240
-1305554.398000000,fe80::212:7405:5:505,240
-1305554.402000000,fe80::212:7405:5:505,240
-1305554.403000000,fe80::212:7405:5:505,240
-1305554.403000000,fe80::212:7405:5:505,240
