fe80::212:7404:4:404,1307
fe80::212:7403:3:303,1556
fe80::212:7405:5:505,770
fe80::212:7403:3:303,1544
fe80::212:7403:3:303,1582
fe80::212:7404:4:404,1286
fe80::212:7403:3:303,1538
fe80::212:7405:5:505,1280
fe80::212:7403:3:303,1537
fe80::212:7405:5:505,779
fe80::212:7403:3:303,1539
fe80::212:7404:4:404,1281
fe80::212:7403:3:303,1536
fe80::212:7403:3:303,1555
fe80::212:7406:6:606,512
fe80::212:7404:4:404,1301
fe80::212:7404:4:404,1326
fe80::212:7404:4:404,1293
fe80::212:7405:5:505,65535
fe80::212:7404:4:404,1536
fe80::212:7404:4:404,65535
fe80::212:7404:4:404,1282
fe80::212:7404:4:404,1291
fe80::212:7402:2:202,1026
fe80::212:7403:3:303,1792
fe80::212:7404:4:404,1292
fe80::212:7402:2:202,1024
fe80::212:7403:3:303,1547
fe80::212:7401:1:101,256
fe80::212:7403:3:303,1549
fe80::212:7404:4:404,1288
fe80::212:7404:4:404,1299
fe80::212:7404:4:404,1316
fe80::212:7406:6:606,65535
fe80::212:7406:6:606,742
fe80::212:7403:3:303,1542
fe80::212:7404:4:404,1305
fe80::212:7403:3:303,65535
fe80::212:7406:6:606,768
fe80::212:7402:2:202,1792
fe80::212:7404:4:404,1283
fe80::212:7404:4:404,1280
fe80::212:7403:3:303,2048
fe80::212:7404:4:404,1302
fe80::212:7402:2:202,1035
fe80::212:7402:2:202,65535
fe80::212:7405:5:505,768
fe80::212:7404:4:404,1284
fe80::212:7404:4:404,1297
fe80::212:7406:6:606,1024
fe80::212:7403:3:303,1563
fe80::212:7404:4:404,1300
fe80::212:7403:3:303,1561
fe80::212:7403:3:303,1558
