Frame Number,Frame Length,Frame Control Field,Sequence Number,Extended Source,Destination PAN,Destination,IP Version,Layer Name,IP Destination,IP Source,Hop Limit,Next Packet Header,Checksum,Checksum Status,Reserved,Flags,Packet Type
1,66,0x0000d841,99,00:12:74:06:00:06:06:06,0x0000abcd,0x0000ffff,6,ipv6,ff02::1a,fe80::212:7406:6:606,64,58,0x0000eafc,1,00,0,155
2,66,0x0000d841,99,00:12:74:06:00:06:06:06,0x0000abcd,0x0000ffff,6,ipv6,ff02::1a,fe80::212:7406:6:606,64,58,0x0000eafc,1,00,0,155
3,66,0x0000d841,99,00:12:74:06:00:06:06:06,0x0000abcd,0x0000ffff,6,ipv6,ff02::1a,fe80::212:7406:6:606,64,58,0x0000eafc,1,00,0,155
4,66,0x0000d841,99,00:12:74:06:00:06:06:06,0x0000abcd,0x0000ffff,6,ipv6,ff02::1a,fe80::212:7406:6:606,64,58,0x0000eafc,1,00,0,155
5,66,0x0000d841,99,00:12:74:06:00:06:06:06,0x0000abcd,0x0000ffff,6,ipv6,ff02::1a,fe80::212:7406:6:606,64,58,0x0000eafc,1,00,0,155
6,66,0x0000d841,99,00:12:74:06:00:06:06:06,0x0000abcd,0x0000ffff,6,ipv6,ff02::1a,fe80::212:7406:6:606,64,58,0x0000eafc,1,00,0,155
7,66,0x0000d841,99,00:12:74:06:00:06:06:06,0x0000abcd,0x0000ffff,6,ipv6,ff02::1a,fe80::212:7406:6:606,64,58,0x0000eafc,1,00,0,155
8,66,0x0000d841,99,00:12:74:06:00:06:06:06,0x0000abcd,0x0000ffff,6,ipv6,ff02::1a,fe80::212:7406:6:606,64,58,0x0000eafc,1,00,0,155
9,66,0x0000d841,99,00:12:74:06:00:06:06:06,0x0000abcd,0x0000ffff,6,ipv6,ff02::1a,fe80::212:7406:6:606,64,58,0x0000eafc,1,00,0,155
10,66,0x0000d841,99,00:12:74:06:00:06:06:06,0x0000abcd,0x0000ffff,6,ipv6,ff02::1a,fe80::212:7406:6:606,64,58,0x0000eafc,1,00,0,155
11,66,0x0000d841,99,00:12:74:06:00:06:06:06,0x0000abcd,0x0000ffff,6,ipv6,ff02::1a,fe80::212:7406:6:606,64,58,0x0000eafc,1,00,0,155
12,66,0x0000d841,99,00:12:74:06:00:06:06:06,0x0000abcd,0x0000ffff,6,ipv6,ff02::1a,fe80::212:7406:6:606,64,58,0x0000eafc,1,00,0,155
13,66,0x0000d841,99,00:12:74:06:00:06:06:06,0x0000abcd,0x0000ffff,6,ipv6,ff02::1a,fe80::212:7406:6:606,64,58,0x0000eafc,1,00,0,155
14,66,0x0000d841,99,00:12:74:06:00:06:06:06,0x0000abcd,0x0000ffff,6,ipv6,ff02::1a,fe80::212:7406:6:606,64,58,0x0000eafc,1,00,0,155
15,66,0x0000d841,99,00:12:74:06:00:06:06:06,0x0000abcd,0x0000ffff,6,ipv6,ff02::1a,fe80::212:7406:6:606,64,58,0x0000eafc,1,00,0,155
16,66,0x0000d841,99,00:12:74:06:00:06:06:06,0x0000abcd,0x0000ffff,6,ipv6,ff02::1a,fe80::212:7406:6:606,64,58,0x0000eafc,1,00,0,155
17,66,0x0000d841,99,00:12:74:06:00:06:06:06,0x0000abcd,0x0000ffff,6,ipv6,ff02::1a,fe80::212:7406:6:606,64,58,0x0000eafc,1,00,0,155
18,66,0x0000d841,99,00:12:74:06:00:06:06:06,0x0000abcd,0x0000ffff,6,ipv6,ff02::1a,fe80::212:7406:6:606,64,58,0x0000eafc,1,00,0,155
19,66,0x0000d841,99,00:12:74:06:00:06:06:06,0x0000abcd,0x0000ffff,6,ipv6,ff02::1a,fe80::212:7406:6:606,64,58,0x0000eafc,1,00,0,155
20,66,0x0000d841,99,00:12:74:06:00:06:06:06,0x0000abcd,0x0000ffff,6,ipv6,ff02::1a,fe80::212:7406:6:606,64,58,0x0000eafc,1,00,0,155
21,66,0x0000d841,99,00:12:74:06:00:06:06:06,0x0000abcd,0x0000ffff,6,ipv6,ff02::1a,fe80::212:7406:6:606,64,58,0x0000eafc,1,00,0,155
22,66,0x0000d841,99,00:12:74:06:00:06:06:06,0x0000abcd,0x0000ffff,6,ipv6,ff02::1a,fe80::212:7406:6:606,64,58,0x0000eafc,1,00,0,155
23,66,0x0000d841,99,00:12:74:06:00:06:06:06,0x0000abcd,0x0000ffff,6,ipv6,ff02::1a,fe80::212:7406:6:606,64,58,0x0000eafc,1,00,0,155
24,66,0x0000d841,99,00:12:74:06:00:06:06:06,0x0000abcd,0x0000ffff,6,ipv6,ff02::1a,fe80::212:7406:6:606,64,58,0x0000eafc,1,00,0,155
25,66,0x0000d841,99,00:12:74:06:00:06:06:06,0x0000abcd,0x0000ffff,6,ipv6,ff02::1a,fe80::212:7406:6:606,64,58,0x0000eafc,1,00,0,155
26,66,0x0000d841,99,00:12:74:06:00:06:06:06,0x0000abcd,0x0000ffff,6,ipv6,ff02::1a,fe80::212:7406:6:606,64,58,0x0000eafc,1,00,0,155
27,66,0x0000d841,99,00:12:74:06:00:06:06:06,0x0000abcd,0x0000ffff,6,ipv6,ff02::1a,fe80::212:7406:6:606,64,58,0x0000eafc,1,00,0,155
28,66,0x0000d841,99,00:12:74:06:00:06:06:06,0x0000abcd,0x0000ffff,6,ipv6,ff02::1a,fe80::212:7406:6:606,64,58,0x0000eafc,1,00,0,155
29,66,0x0000d841,99,00:12:74:06:00:06:06:06,0x0000abcd,0x0000ffff,6,ipv6,ff02::1a,fe80::212:7406:6:606,64,58,0x0000eafc,1,00,0,155
30,66,0x0000d841,99,00:12:74:06:00:06:06:06,0x0000abcd,0x0000ffff,6,ipv6,ff02::1a,fe80::212:7406:6:606,64,58,0x0000eafc,1,00,0,155
31,66,0x0000d841,99,00:12:74:06:00:06:06:06,0x0000abcd,0x0000ffff,6,ipv6,ff02::1a,fe80::212:7406:6:606,64,58,0x0000eafc,1,00,0,155
32,66,0x0000d841,99,00:12:74:06:00:06:06:06,0x0000abcd,0x0000ffff,6,ipv6,ff02::1a,fe80::212:7406:6:606,64,58,0x0000eafc,1,00,0,155
33,66,0x0000d841,99,00:12:74:06:00:06:06:06,0x0000abcd,0x0000ffff,6,ipv6,ff02::1a,fe80::212:7406:6:606,64,58,0x0000eafc,1,00,0,155
34,66,0x0000d841,99,00:12:74:06:00:06:06:06,0x0000abcd,0x0000ffff,6,ipv6,ff02::1a,fe80::212:7406:6:606,64,58,0x0000eafc,1,00,0,155
35,66,0x0000d841,99,00:12:74:06:00:06:06:06,0x0000abcd,0x0000ffff,6,ipv6,ff02::1a,fe80::212:7406:6:606,64,58,0x0000eafc,1,00,0,155
36,66,0x0000d841,99,00:12:74:06:00:06:06:06,0x0000abcd,0x0000ffff,6,ipv6,ff02::1a,fe80::212:7406:6:606,64,58,0x0000eafc,1,00,0,155
37,66,0x0000d841,99,00:12:74:06:00:06:06:06,0x0000abcd,0x0000ffff,6,ipv6,ff02::1a,fe80::212:7406:6:606,64,58,0x0000eafc,1,00,0,155
38,66,0x0000d841,99,00:12:74:06:00:06:06:06,0x0000abcd,0x0000ffff,6,ipv6,ff02::1a,fe80::212:7406:6:606,64,58,0x0000eafc,1,00,0,155
39,66,0x0000d841,26,00:12:74:09:00:09:09:09,0x0000abcd,0x0000ffff,6,ipv6,ff02::1a,fe80::212:7409:9:909,64,58,0x0000e7f3,1,00,0,155
40,66,0x0000d841,26,00:12:74:09:00:09:09:09,0x0000abcd,0x0000ffff,6,ipv6,ff02::1a,fe80::212:7409:9:909,64,58,0x0000e7f3,1,00,0,155
41,66,0x0000d841,38,00:12:74:05:00:05:05:05,0x0000abcd,0x0000ffff,6,ipv6,ff02::1a,fe80::212:7405:5:505,64,58,0x0000ebff,1,00,0,155
42,66,0x0000d841,26,00:12:74:09:00:09:09:09,0x0000abcd,0x0000ffff,6,ipv6,ff02::1a,fe80::212:7409:9:909,64,58,0x0000e7f3,1,00,0,155
43,66,0x0000d841,38,00:12:74:05:00:05:05:05,0x0000abcd,0x0000ffff,6,ipv6,ff02::1a,fe80::212:7405:5:505,64,58,0x0000ebff,1,00,0,155
44,66,0x0000d841,26,00:12:74:09:00:09:09:09,0x0000abcd,0x0000ffff,6,ipv6,ff02::1a,fe80::212:7409:9:909,64,58,0x0000e7f3,1,00,0,155
45,66,0x0000d841,38,00:12:74:05:00:05:05:05,0x0000abcd,0x0000ffff,6,ipv6,ff02::1a,fe80::212:7405:5:505,64,58,0x0000ebff,1,00,0,155
46,66,0x0000d841,26,00:12:74:09:00:09:09:09,0x0000abcd,0x0000ffff,6,ipv6,ff02::1a,fe80::212:7409:9:909,64,58,0x0000e7f3,1,00,0,155
47,66,0x0000d841,38,00:12:74:05:00:05:05:05,0x0000abcd,0x0000ffff,6,ipv6,ff02::1a,fe80::212:7405:5:505,64,58,0x0000ebff,1,00,0,155
48,66,0x0000d841,26,00:12:74:09:00:09:09:09,0x0000abcd,0x0000ffff,6,ipv6,ff02::1a,fe80::212:7409:9:909,64,58,0x0000e7f3,1,00,0,155
49,66,0x0000d841,38,00:12:74:05:00:05:05:05,0x0000abcd,0x0000ffff,6,ipv6,ff02::1a,fe80::212:7405:5:505,64,58,0x0000ebff,1,00,0,155
50,66,0x0000d841,26,00:12:74:09:00:09:09:09,0x0000abcd,0x0000ffff,6,ipv6,ff02::1a,fe80::212:7409:9:909,64,58,0x0000e7f3,1,00,0,155
51,66,0x0000d841,38,00:12:74:05:00:05:05:05,0x0000abcd,0x0000ffff,6,ipv6,ff02::1a,fe80::212:7405:5:505,64,58,0x0000ebff,1,00,0,155
52,66,0x0000d841,26,00:12:74:09:00:09:09:09,0x0000abcd,0x0000ffff,6,ipv6,ff02::1a,fe80::212:7409:9:909,64,58,0x0000e7f3,1,00,0,155
53,66,0x0000d841,38,00:12:74:05:00:05:05:05,0x0000abcd,0x0000ffff,6,ipv6,ff02::1a,fe80::212:7405:5:505,64,58,0x0000ebff,1,00,0,155
54,66,0x0000d841,26,00:12:74:09:00:09:09:09,0x0000abcd,0x0000ffff,6,ipv6,ff02::1a,fe80::212:7409:9:909,64,58,0x0000e7f3,1,00,0,155
55,66,0x0000d841,38,00:12:74:05:00:05:05:05,0x0000abcd,0x0000ffff,6,ipv6,ff02::1a,fe80::212:7405:5:505,64,58,0x0000ebff,1,00,0,155
56,66,0x0000d841,26,00:12:74:09:00:09:09:09,0x0000abcd,0x0000ffff,6,ipv6,ff02::1a,fe80::212:7409:9:909,64,58,0x0000e7f3,1,00,0,155
57,66,0x0000d841,38,00:12:74:05:00:05:05:05,0x0000abcd,0x0000ffff,6,ipv6,ff02::1a,fe80::212:7405:5:505,64,58,0x0000ebff,1,00,0,155
58,66,0x0000d841,26,00:12:74:09:00:09:09:09,0x0000abcd,0x0000ffff,6,ipv6,ff02::1a,fe80::212:7409:9:909,64,58,0x0000e7f3,1,00,0,155
59,66,0x0000d841,38,00:12:74:05:00:05:05:05,0x0000abcd,0x0000ffff,6,ipv6,ff02::1a,fe80::212:7405:5:505,64,58,0x0000ebff,1,00,0,155
60,66,0x0000d841,26,00:12:74:09:00:09:09:09,0x0000abcd,0x0000ffff,6,ipv6,ff02::1a,fe80::212:7409:9:909,64,58,0x0000e7f3,1,00,0,155
61,66,0x0000d841,38,00:12:74:05:00:05:05:05,0x0000abcd,0x0000ffff,6,ipv6,ff02::1a,fe80::212:7405:5:505,64,58,0x0000ebff,1,00,0,155
62,66,0x0000d841,26,00:12:74:09:00:09:09:09,0x0000abcd,0x0000ffff,6,ipv6,ff02::1a,fe80::212:7409:9:909,64,58,0x0000e7f3,1,00,0,155
63,66,0x0000d841,38,00:12:74:05:00:05:05:05,0x0000abcd,0x0000ffff,6,ipv6,ff02::1a,fe80::212:7405:5:505,64,58,0x0000ebff,1,00,0,155
64,66,0x0000d841,26,00:12:74:09:00:09:09:09,0x0000abcd,0x0000ffff,6,ipv6,ff02::1a,fe80::212:7409:9:909,64,58,0x0000e7f3,1,00,0,155
65,66,0x0000d841,38,00:12:74:05:00:05:05:05,0x0000abcd,0x0000ffff,6,ipv6,ff02::1a,fe80::212:7405:5:505,64,58,0x0000ebff,1,00,0,155
66,66,0x0000d841,26,00:12:74:09:00:09:09:09,0x0000abcd,0x0000ffff,6,ipv6,ff02::1a,fe80::212:7409:9:909,64,58,0x0000e7f3,1,00,0,155
67,66,0x0000d841,38,00:12:74:05:00:05:05:05,0x0000abcd,0x0000ffff,6,ipv6,ff02::1a,fe80::212:7405:5:505,64,58,0x0000ebff,1,00,0,155
68,66,0x0000d841,26,00:12:74:09:00:09:09:09,0x0000abcd,0x0000ffff,6,ipv6,ff02::1a,fe80::212:7409:9:909,64,58,0x0000e7f3,1,00,0,155
69,66,0x0000d841,38,00:12:74:05:00:05:05:05,0x0000abcd,0x0000ffff,6,ipv6,ff02::1a,fe80::212:7405:5:505,64,58,0x0000ebff,1,00,0,155
70,66,0x0000d841,26,00:12:74:09:00:09:09:09,0x0000abcd,0x0000ffff,6,ipv6,ff02::1a,fe80::212:7409:9:909,64,58,0x0000e7f3,1,00,0,155
71,66,0x0000d841,38,00:12:74:05:00:05:05:05,0x0000abcd,0x0000ffff,6,ipv6,ff02::1a,fe80::212:7405:5:505,64,58,0x0000ebff,1,00,0,155
72,66,0x0000d841,26,00:12:74:09:00:09:09:09,0x0000abcd,0x0000ffff,6,ipv6,ff02::1a,fe80::212:7409:9:909,64,58,0x0000e7f3,1,00,0,155
73,66,0x0000d841,38,00:12:74:05:00:05:05:05,0x0000abcd,0x0000ffff,6,ipv6,ff02::1a,fe80::212:7405:5:505,64,58,0x0000ebff,1,00,0,155
74,66,0x0000d841,26,00:12:74:09:00:09:09:09,0x0000abcd,0x0000ffff,6,ipv6,ff02::1a,fe80::212:7409:9:909,64,58,0x0000e7f3,1,00,0,155
75,66,0x0000d841,38,00:12:74:05:00:05:05:05,0x0000abcd,0x0000ffff,6,ipv6,ff02::1a,fe80::212:7405:5:505,64,58,0x0000ebff,1,00,0,155
76,66,0x0000d841,26,00:12:74:09:00:09:09:09,0x0000abcd,0x0000ffff,6,ipv6,ff02::1a,fe80::212:7409:9:909,64,58,0x0000e7f3,1,00,0,155
77,66,0x0000d841,38,00:12:74:05:00:05:05:05,0x0000abcd,0x0000ffff,6,ipv6,ff02::1a,fe80::212:7405:5:505,64,58,0x0000ebff,1,00,0,155
78,66,0x0000d841,26,00:12:74:09:00:09:09:09,0x0000abcd,0x0000ffff,6,ipv6,ff02::1a,fe80::212:7409:9:909,64,58,0x0000e7f3,1,00,0,155
79,66,0x0000d841,38,00:12:74:05:00:05:05:05,0x0000abcd,0x0000ffff,6,ipv6,ff02::1a,fe80::212:7405:5:505,64,58,0x0000ebff,1,00,0,155
80,66,0x0000d841,26,00:12:74:09:00:09:09:09,0x0000abcd,0x0000ffff,6,ipv6,ff02::1a,fe80::212:7409:9:909,64,58,0x0000e7f3,1,00,0,155
81,66,0x0000d841,38,00:12:74:05:00:05:05:05,0x0000abcd,0x0000ffff,6,ipv6,ff02::1a,fe80::212:7405:5:505,64,58,0x0000ebff,1,00,0,155
82,66,0x0000d841,26,00:12:74:09:00:09:09:09,0x0000abcd,0x0000ffff,6,ipv6,ff02::1a,fe80::212:7409:9:909,64,58,0x0000e7f3,1,00,0,155
83,66,0x0000d841,38,00:12:74:05:00:05:05:05,0x0000abcd,0x0000ffff,6,ipv6,ff02::1a,fe80::212:7405:5:505,64,58,0x0000ebff,1,00,0,155
84,66,0x0000d841,26,00:12:74:09:00:09:09:09,0x0000abcd,0x0000ffff,6,ipv6,ff02::1a,fe80::212:7409:9:909,64,58,0x0000e7f3,1,00,0,155
85,66,0x0000d841,38,00:12:74:05:00:05:05:05,0x0000abcd,0x0000ffff,6,ipv6,ff02::1a,fe80::212:7405:5:505,64,58,0x0000ebff,1,00,0,155
86,66,0x0000d841,26,00:12:74:09:00:09:09:09,0x0000abcd,0x0000ffff,6,ipv6,ff02::1a,fe80::212:7409:9:909,64,58,0x0000e7f3,1,00,0,155
87,66,0x0000d841,38,00:12:74:05:00:05:05:05,0x0000abcd,0x0000ffff,6,ipv6,ff02::1a,fe80::212:7405:5:505,64,58,0x0000ebff,1,00,0,155
88,66,0x0000d841,26,00:12:74:09:00:09:09:09,0x0000abcd,0x0000ffff,6,ipv6,ff02::1a,fe80::212:7409:9:909,64,58,0x0000e7f3,1,00,0,155
89,66,0x0000d841,38,00:12:74:05:00:05:05:05,0x0000abcd,0x0000ffff,6,ipv6,ff02::1a,fe80::212:7405:5:505,64,58,0x0000ebff,1,00,0,155
90,66,0x0000d841,26,00:12:74:09:00:09:09:09,0x0000abcd,0x0000ffff,6,ipv6,ff02::1a,fe80::212:7409:9:909,64,58,0x0000e7f3,1,00,0,155
91,66,0x0000d841,38,00:12:74:05:00:05:05:05,0x0000abcd,0x0000ffff,6,ipv6,ff02::1a,fe80::212:7405:5:505,64,58,0x0000ebff,1,00,0,155
92,66,0x0000d841,26,00:12:74:09:00:09:09:09,0x0000abcd,0x0000ffff,6,ipv6,ff02::1a,fe80::212:7409:9:909,64,58,0x0000e7f3,1,00,0,155
93,66,0x0000d841,38,00:12:74:05:00:05:05:05,0x0000abcd,0x0000ffff,6,ipv6,ff02::1a,fe80::212:7405:5:505,64,58,0x0000ebff,1,00,0,155
94,66,0x0000d841,26,00:12:74:09:00:09:09:09,0x0000abcd,0x0000ffff,6,ipv6,ff02::1a,fe80::212:7409:9:909,64,58,0x0000e7f3,1,00,0,155
95,66,0x0000d841,38,00:12:74:05:00:05:05:05,0x0000abcd,0x0000ffff,6,ipv6,ff02::1a,fe80::212:7405:5:505,64,58,0x0000ebff,1,00,0,155
96,66,0x0000d841,26,00:12:74:09:00:09:09:09,0x0000abcd,0x0000ffff,6,ipv6,ff02::1a,fe80::212:7409:9:909,64,58,0x0000e7f3,1,00,0,155
97,66,0x0000d841,38,00:12:74:05:00:05:05:05,0x0000abcd,0x0000ffff,6,ipv6,ff02::1a,fe80::212:7405:5:505,64,58,0x0000ebff,1,00,0,155
98,66,0x0000d841,26,00:12:74:09:00:09:09:09,0x0000abcd,0x0000ffff,6,ipv6,ff02::1a,fe80::212:7409:9:909,64,58,0x0000e7f3,1,00,0,155
99,66,0x0000d841,38,00:12:74:05:00:05:05:05,0x0000abcd,0x0000ffff,6,ipv6,ff02::1a,fe80::212:7405:5:505,64,58,0x0000ebff,1,00,0,155
100,66,0x0000d841,26,00:12:74:09:00:09:09:09,0x0000abcd,0x0000ffff,6,ipv6,ff02::1a,fe80::212:7409:9:909,64,58,0x0000e7f3,1,00,0,155
101,66,0x0000d841,38,00:12:74:05:00:05:05:05,0x0000abcd,0x0000ffff,6,ipv6,ff02::1a,fe80::212:7405:5:505,64,58,0x0000ebff,1,00,0,155
102,66,0x0000d841,26,00:12:74:09:00:09:09:09,0x0000abcd,0x0000ffff,6,ipv6,ff02::1a,fe80::212:7409:9:909,64,58,0x0000e7f3,1,00,0,155
103,66,0x0000d841,38,00:12:74:05:00:05:05:05,0x0000abcd,0x0000ffff,6,ipv6,ff02::1a,fe80::212:7405:5:505,64,58,0x0000ebff,1,00,0,155
104,66,0x0000d841,26,00:12:74:09:00:09:09:09,0x0000abcd,0x0000ffff,6,ipv6,ff02::1a,fe80::212:7409:9:909,64,58,0x0000e7f3,1,00,0,155
105,66,0x0000d841,38,00:12:74:05:00:05:05:05,0x0000abcd,0x0000ffff,6,ipv6,ff02::1a,fe80::212:7405:5:505,64,58,0x0000ebff,1,00,0,155
106,66,0x0000d841,26,00:12:74:09:00:09:09:09,0x0000abcd,0x0000ffff,6,ipv6,ff02::1a,fe80::212:7409:9:909,64,58,0x0000e7f3,1,00,0,155
107,66,0x0000d841,38,00:12:74:05:00:05:05:05,0x0000abcd,0x0000ffff,6,ipv6,ff02::1a,fe80::212:7405:5:505,64,58,0x0000ebff,1,00,0,155
108,66,0x0000d841,26,00:12:74:09:00:09:09:09,0x0000abcd,0x0000ffff,6,ipv6,ff02::1a,fe80::212:7409:9:909,64,58,0x0000e7f3,1,00,0,155
109,66,0x0000d841,38,00:12:74:05:00:05:05:05,0x0000abcd,0x0000ffff,6,ipv6,ff02::1a,fe80::212:7405:5:505,64,58,0x0000ebff,1,00,0,155
110,66,0x0000d841,26,00:12:74:09:00:09:09:09,0x0000abcd,0x0000ffff,6,ipv6,ff02::1a,fe80::212:7409:9:909,64,58,0x0000e7f3,1,00,0,155
111,66,0x0000d841,38,00:12:74:05:00:05:05:05,0x0000abcd,0x0000ffff,6,ipv6,ff02::1a,fe80::212:7405:5:505,64,58,0x0000ebff,1,00,0,155
112,66,0x0000d841,26,00:12:74:09:00:09:09:09,0x0000abcd,0x0000ffff,6,ipv6,ff02::1a,fe80::212:7409:9:909,64,58,0x0000e7f3,1,00,0,155
113,66,0x0000d841,38,00:12:74:05:00:05:05:05,0x0000abcd,0x0000ffff,6,ipv6,ff02::1a,fe80::212:7405:5:505,64,58,0x0000ebff,1,00,0,155
114,66,0x0000d841,38,00:12:74:05:00:05:05:05,0x0000abcd,0x0000ffff,6,ipv6,ff02::1a,fe80::212:7405:5:505,64,58,0x0000ebff,1,00,0,155
6902,66,0x0000d841,27,00:12:74:09:00:09:09:09,0x0000abcd,0x0000ffff,6,ipv6,ff02::1a,fe80::212:7409:9:909,64,58,0x0000e7f3,1,00,0,155
6903,66,0x0000d841,27,00:12:74:09:00:09:09:09,0x0000abcd,0x0000ffff,6,ipv6,ff02::1a,fe80::212:7409:9:909,64,58,0x0000e7f3,1,00,0,155
6904,66,0x0000d841,27,00:12:74:09:00:09:09:09,0x0000abcd,0x0000ffff,6,ipv6,ff02::1a,fe80::212:7409:9:909,64,58,0x0000e7f3,1,00,0,155
6905,66,0x0000d841,27,00:12:74:09:00:09:09:09,0x0000abcd,0x0000ffff,6,ipv6,ff02::1a,fe80::212:7409:9:909,64,58,0x0000e7f3,1,00,0,155
6906,66,0x0000d841,27,00:12:74:09:00:09:09:09,0x0000abcd,0x0000ffff,6,ipv6,ff02::1a,fe80::212:7409:9:909,64,58,0x0000e7f3,1,00,0,155
6907,66,0x0000d841,27,00:12:74:09:00:09:09:09,0x0000abcd,0x0000ffff,6,ipv6,ff02::1a,fe80::212:7409:9:909,64,58,0x0000e7f3,1,00,0,155
6908,66,0x0000d841,27,00:12:74:09:00:09:09:09,0x0000abcd,0x0000ffff,6,ipv6,ff02::1a,fe80::212:7409:9:909,64,58,0x0000e7f3,1,00,0,155
6909,66,0x0000d841,27,00:12:74:09:00:09:09:09,0x0000abcd,0x0000ffff,6,ipv6,ff02::1a,fe80::212:7409:9:909,64,58,0x0000e7f3,1,00,0,155
6910,66,0x0000d841,27,00:12:74:09:00:09:09:09,0x0000abcd,0x0000ffff,6,ipv6,ff02::1a,fe80::212:7409:9:909,64,58,0x0000e7f3,1,00,0,155
6911,66,0x0000d841,27,00:12:74:09:00:09:09:09,0x0000abcd,0x0000ffff,6,ipv6,ff02::1a,fe80::212:7409:9:909,64,58,0x0000e7f3,1,00,0,155
6912,66,0x0000d841,27,00:12:74:09:00:09:09:09,0x0000abcd,0x0000ffff,6,ipv6,ff02::1a,fe80::212:7409:9:909,64,58,0x0000e7f3,1,00,0,155
6913,66,0x0000d841,27,00:12:74:09:00:09:09:09,0x0000abcd,0x0000ffff,6,ipv6,ff02::1a,fe80::212:7409:9:909,64,58,0x0000e7f3,1,00,0,155
6914,66,0x0000d841,27,00:12:74:09:00:09:09:09,0x0000abcd,0x0000ffff,6,ipv6,ff02::1a,fe80::212:7409:9:909,64,58,0x0000e7f3,1,00,0,155
6915,66,0x0000d841,27,00:12:74:09:00:09:09:09,0x0000abcd,0x0000ffff,6,ipv6,ff02::1a,fe80::212:7409:9:909,64,58,0x0000e7f3,1,00,0,155
6916,66,0x0000d841,27,00:12:74:09:00:09:09:09,0x0000abcd,0x0000ffff,6,ipv6,ff02::1a,fe80::212:7409:9:909,64,58,0x0000e7f3,1,00,0,155
6917,66,0x0000d841,27,00:12:74:09:00:09:09:09,0x0000abcd,0x0000ffff,6,ipv6,ff02::1a,fe80::212:7409:9:909,64,58,0x0000e7f3,1,00,0,155
6918,66,0x0000d841,27,00:12:74:09:00:09:09:09,0x0000abcd,0x0000ffff,6,ipv6,ff02::1a,fe80::212:7409:9:909,64,58,0x0000e7f3,1,00,0,155
6919,66,0x0000d841,27,00:12:74:09:00:09:09:09,0x0000abcd,0x0000ffff,6,ipv6,ff02::1a,fe80::212:7409:9:909,64,58,0x0000e7f3,1,00,0,155
6920,66,0x0000d841,27,00:12:74:09:00:09:09:09,0x0000abcd,0x0000ffff,6,ipv6,ff02::1a,fe80::212:7409:9:909,64,58,0x0000e7f3,1,00,0,155
6921,66,0x0000d841,27,00:12:74:09:00:09:09:09,0x0000abcd,0x0000ffff,6,ipv6,ff02::1a,fe80::212:7409:9:909,64,58,0x0000e7f3,1,00,0,155
6922,66,0x0000d841,27,00:12:74:09:00:09:09:09,0x0000abcd,0x0000ffff,6,ipv6,ff02::1a,fe80::212:7409:9:909,64,58,0x0000e7f3,1,00,0,155
6923,66,0x0000d841,27,00:12:74:09:00:09:09:09,0x0000abcd,0x0000ffff,6,ipv6,ff02::1a,fe80::212:7409:9:909,64,58,0x0000e7f3,1,00,0,155
6924,66,0x0000d841,27,00:12:74:09:00:09:09:09,0x0000abcd,0x0000ffff,6,ipv6,ff02::1a,fe80::212:7409:9:909,64,58,0x0000e7f3,1,00,0,155
6925,66,0x0000d841,27,00:12:74:09:00:09:09:09,0x0000abcd,0x0000ffff,6,ipv6,ff02::1a,fe80::212:7409:9:909,64,58,0x0000e7f3,1,00,0,155
6926,66,0x0000d841,27,00:12:74:09:00:09:09:09,0x0000abcd,0x0000ffff,6,ipv6,ff02::1a,fe80::212:7409:9:909,64,58,0x0000e7f3,1,00,0,155
6927,66,0x0000d841,27,00:12:74:09:00:09:09:09,0x0000abcd,0x0000ffff,6,ipv6,ff02::1a,fe80::212:7409:9:909,64,58,0x0000e7f3,1,00,0,155
6928,66,0x0000d841,27,00:12:74:09:00:09:09:09,0x0000abcd,0x0000ffff,6,ipv6,ff02::1a,fe80::212:7409:9:909,64,58,0x0000e7f3,1,00,0,155
6929,66,0x0000d841,27,00:12:74:09:00:09:09:09,0x0000abcd,0x0000ffff,6,ipv6,ff02::1a,fe80::212:7409:9:909,64,58,0x0000e7f3,1,00,0,155
6930,66,0x0000d841,27,00:12:74:09:00:09:09:09,0x0000abcd,0x0000ffff,6,ipv6,ff02::1a,fe80::212:7409:9:909,64,58,0x0000e7f3,1,00,0,155
6931,66,0x0000d841,27,00:12:74:09:00:09:09:09,0x0000abcd,0x0000ffff,6,ipv6,ff02::1a,fe80::212:7409:9:909,64,58,0x0000e7f3,1,00,0,155
6932,66,0x0000d841,27,00:12:74:09:00:09:09:09,0x0000abcd,0x0000ffff,6,ipv6,ff02::1a,fe80::212:7409:9:909,64,58,0x0000e7f3,1,00,0,155
6933,66,0x0000d841,27,00:12:74:09:00:09:09:09,0x0000abcd,0x0000ffff,6,ipv6,ff02::1a,fe80::212:7409:9:909,64,58,0x0000e7f3,1,00,0,155
6934,66,0x0000d841,27,00:12:74:09:00:09:09:09,0x0000abcd,0x0000ffff,6,ipv6,ff02::1a,fe80::212:7409:9:909,64,58,0x0000e7f3,1,00,0,155
6935,66,0x0000d841,27,00:12:74:09:00:09:09:09,0x0000abcd,0x0000ffff,6,ipv6,ff02::1a,fe80::212:7409:9:909,64,58,0x0000e7f3,1,00,0,155
6936,66,0x0000d841,27,00:12:74:09:00:09:09:09,0x0000abcd,0x0000ffff,6,ipv6,ff02::1a,fe80::212:7409:9:909,64,58,0x0000e7f3,1,00,0,155
6937,66,0x0000d841,27,00:12:74:09:00:09:09:09,0x0000abcd,0x0000ffff,6,ipv6,ff02::1a,fe80::212:7409:9:909,64,58,0x0000e7f3,1,00,0,155
6938,66,0x0000d841,27,00:12:74:09:00:09:09:09,0x0000abcd,0x0000ffff,6,ipv6,ff02::1a,fe80::212:7409:9:909,64,58,0x0000e7f3,1,00,0,155
6939,66,0x0000d841,27,00:12:74:09:00:09:09:09,0x0000abcd,0x0000ffff,6,ipv6,ff02::1a,fe80::212:7409:9:909,64,58,0x0000e7f3,1,00,0,155
11995,66,0x0000d841,28,00:12:74:09:00:09:09:09,0x0000abcd,0x0000ffff,6,ipv6,ff02::1a,fe80::212:7409:9:909,64,58,0x0000e7f3,1,00,0,155
11996,66,0x0000d841,28,00:12:74:09:00:09:09:09,0x0000abcd,0x0000ffff,6,ipv6,ff02::1a,fe80::212:7409:9:909,64,58,0x0000e7f3,1,00,0,155
11997,66,0x0000d841,28,00:12:74:09:00:09:09:09,0x0000abcd,0x0000ffff,6,ipv6,ff02::1a,fe80::212:7409:9:909,64,58,0x0000e7f3,1,00,0,155
11998,66,0x0000d841,28,00:12:74:09:00:09:09:09,0x0000abcd,0x0000ffff,6,ipv6,ff02::1a,fe80::212:7409:9:909,64,58,0x0000e7f3,1,00,0,155
12000,66,0x0000d841,28,00:12:74:09:00:09:09:09,0x0000abcd,0x0000ffff,6,ipv6,ff02::1a,fe80::212:7409:9:909,64,58,0x0000e7f3,1,00,0,155
12001,66,0x0000d841,28,00:12:74:09:00:09:09:09,0x0000abcd,0x0000ffff,6,ipv6,ff02::1a,fe80::212:7409:9:909,64,58,0x0000e7f3,1,00,0,155
12003,66,0x0000d841,28,00:12:74:09:00:09:09:09,0x0000abcd,0x0000ffff,6,ipv6,ff02::1a,fe80::212:7409:9:909,64,58,0x0000e7f3,1,00,0,155
12005,66,0x0000d841,28,00:12:74:09:00:09:09:09,0x0000abcd,0x0000ffff,6,ipv6,ff02::1a,fe80::212:7409:9:909,64,58,0x0000e7f3,1,00,0,155
12007,66,0x0000d841,28,00:12:74:09:00:09:09:09,0x0000abcd,0x0000ffff,6,ipv6,ff02::1a,fe80::212:7409:9:909,64,58,0x0000e7f3,1,00,0,155
12009,66,0x0000d841,28,00:12:74:09:00:09:09:09,0x0000abcd,0x0000ffff,6,ipv6,ff02::1a,fe80::212:7409:9:909,64,58,0x0000e7f3,1,00,0,155
12010,66,0x0000d841,28,00:12:74:09:00:09:09:09,0x0000abcd,0x0000ffff,6,ipv6,ff02::1a,fe80::212:7409:9:909,64,58,0x0000e7f3,1,00,0,155
12012,66,0x0000d841,28,00:12:74:09:00:09:09:09,0x0000abcd,0x0000ffff,6,ipv6,ff02::1a,fe80::212:7409:9:909,64,58,0x0000e7f3,1,00,0,155
12014,66,0x0000d841,28,00:12:74:09:00:09:09:09,0x0000abcd,0x0000ffff,6,ipv6,ff02::1a,fe80::212:7409:9:909,64,58,0x0000e7f3,1,00,0,155
12016,66,0x0000d841,28,00:12:74:09:00:09:09:09,0x0000abcd,0x0000ffff,6,ipv6,ff02::1a,fe80::212:7409:9:909,64,58,0x0000e7f3,1,00,0,155
12017,66,0x0000d841,28,00:12:74:09:00:09:09:09,0x0000abcd,0x0000ffff,6,ipv6,ff02::1a,fe80::212:7409:9:909,64,58,0x0000e7f3,1,00,0,155
12019,66,0x0000d841,28,00:12:74:09:00:09:09:09,0x0000abcd,0x0000ffff,6,ipv6,ff02::1a,fe80::212:7409:9:909,64,58,0x0000e7f3,1,00,0,155
12021,66,0x0000d841,28,00:12:74:09:00:09:09:09,0x0000abcd,0x0000ffff,6,ipv6,ff02::1a,fe80::212:7409:9:909,64,58,0x0000e7f3,1,00,0,155
12023,66,0x0000d841,28,00:12:74:09:00:09:09:09,0x0000abcd,0x0000ffff,6,ipv6,ff02::1a,fe80::212:7409:9:909,64,58,0x0000e7f3,1,00,0,155
12024,66,0x0000d841,28,00:12:74:09:00:09:09:09,0x0000abcd,0x0000ffff,6,ipv6,ff02::1a,fe80::212:7409:9:909,64,58,0x0000e7f3,1,00,0,155
12026,66,0x0000d841,28,00:12:74:09:00:09:09:09,0x0000abcd,0x0000ffff,6,ipv6,ff02::1a,fe80::212:7409:9:909,64,58,0x0000e7f3,1,00,0,155
12028,66,0x0000d841,28,00:12:74:09:00:09:09:09,0x0000abcd,0x0000ffff,6,ipv6,ff02::1a,fe80::212:7409:9:909,64,58,0x0000e7f3,1,00,0,155
12030,66,0x0000d841,28,00:12:74:09:00:09:09:09,0x0000abcd,0x0000ffff,6,ipv6,ff02::1a,fe80::212:7409:9:909,64,58,0x0000e7f3,1,00,0,155
12031,66,0x0000d841,28,00:12:74:09:00:09:09:09,0x0000abcd,0x0000ffff,6,ipv6,ff02::1a,fe80::212:7409:9:909,64,58,0x0000e7f3,1,00,0,155
12033,66,0x0000d841,28,00:12:74:09:00:09:09:09,0x0000abcd,0x0000ffff,6,ipv6,ff02::1a,fe80::212:7409:9:909,64,58,0x0000e7f3,1,00,0,155
12036,66,0x0000d841,28,00:12:74:09:00:09:09:09,0x0000abcd,0x0000ffff,6,ipv6,ff02::1a,fe80::212:7409:9:909,64,58,0x0000e7f3,1,00,0,155
12039,66,0x0000d841,28,00:12:74:09:00:09:09:09,0x0000abcd,0x0000ffff,6,ipv6,ff02::1a,fe80::212:7409:9:909,64,58,0x0000e7f3,1,00,0,155
12041,66,0x0000d841,28,00:12:74:09:00:09:09:09,0x0000abcd,0x0000ffff,6,ipv6,ff02::1a,fe80::212:7409:9:909,64,58,0x0000e7f3,1,00,0,155
12043,66,0x0000d841,28,00:12:74:09:00:09:09:09,0x0000abcd,0x0000ffff,6,ipv6,ff02::1a,fe80::212:7409:9:909,64,58,0x0000e7f3,1,00,0,155
12046,66,0x0000d841,28,00:12:74:09:00:09:09:09,0x0000abcd,0x0000ffff,6,ipv6,ff02::1a,fe80::212:7409:9:909,64,58,0x0000e7f3,1,00,0,155
12049,66,0x0000d841,28,00:12:74:09:00:09:09:09,0x0000abcd,0x0000ffff,6,ipv6,ff02::1a,fe80::212:7409:9:909,64,58,0x0000e7f3,1,00,0,155
12051,66,0x0000d841,28,00:12:74:09:00:09:09:09,0x0000abcd,0x0000ffff,6,ipv6,ff02::1a,fe80::212:7409:9:909,64,58,0x0000e7f3,1,00,0,155
12053,66,0x0000d841,28,00:12:74:09:00:09:09:09,0x0000abcd,0x0000ffff,6,ipv6,ff02::1a,fe80::212:7409:9:909,64,58,0x0000e7f3,1,00,0,155
12056,66,0x0000d841,28,00:12:74:09:00:09:09:09,0x0000abcd,0x0000ffff,6,ipv6,ff02::1a,fe80::212:7409:9:909,64,58,0x0000e7f3,1,00,0,155
12059,66,0x0000d841,28,00:12:74:09:00:09:09:09,0x0000abcd,0x0000ffff,6,ipv6,ff02::1a,fe80::212:7409:9:909,64,58,0x0000e7f3,1,00,0,155
12062,66,0x0000d841,28,00:12:74:09:00:09:09:09,0x0000abcd,0x0000ffff,6,ipv6,ff02::1a,fe80::212:7409:9:909,64,58,0x0000e7f3,1,00,0,155
12063,66,0x0000d841,28,00:12:74:09:00:09:09:09,0x0000abcd,0x0000ffff,6,ipv6,ff02::1a,fe80::212:7409:9:909,64,58,0x0000e7f3,1,00,0,155
12066,66,0x0000d841,28,00:12:74:09:00:09:09:09,0x0000abcd,0x0000ffff,6,ipv6,ff02::1a,fe80::212:7409:9:909,64,58,0x0000e7f3,1,00,0,155
12069,66,0x0000d841,28,00:12:74:09:00:09:09:09,0x0000abcd,0x0000ffff,6,ipv6,ff02::1a,fe80::212:7409:9:909,64,58,0x0000e7f3,1,00,0,155
17502,66,0x0000d841,29,00:12:74:09:00:09:09:09,0x0000abcd,0x0000ffff,6,ipv6,ff02::1a,fe80::212:7409:9:909,64,58,0x0000e7f3,1,00,0,155
17503,66,0x0000d841,29,00:12:74:09:00:09:09:09,0x0000abcd,0x0000ffff,6,ipv6,ff02::1a,fe80::212:7409:9:909,64,58,0x0000e7f3,1,00,0,155
17504,66,0x0000d841,29,00:12:74:09:00:09:09:09,0x0000abcd,0x0000ffff,6,ipv6,ff02::1a,fe80::212:7409:9:909,64,58,0x0000e7f3,1,00,0,155
17505,66,0x0000d841,29,00:12:74:09:00:09:09:09,0x0000abcd,0x0000ffff,6,ipv6,ff02::1a,fe80::212:7409:9:909,64,58,0x0000e7f3,1,00,0,155
17506,66,0x0000d841,29,00:12:74:09:00:09:09:09,0x0000abcd,0x0000ffff,6,ipv6,ff02::1a,fe80::212:7409:9:909,64,58,0x0000e7f3,1,00,0,155
17507,66,0x0000d841,29,00:12:74:09:00:09:09:09,0x0000abcd,0x0000ffff,6,ipv6,ff02::1a,fe80::212:7409:9:909,64,58,0x0000e7f3,1,00,0,155
17508,66,0x0000d841,29,00:12:74:09:00:09:09:09,0x0000abcd,0x0000ffff,6,ipv6,ff02::1a,fe80::212:7409:9:909,64,58,0x0000e7f3,1,00,0,155
17509,66,0x0000d841,29,00:12:74:09:00:09:09:09,0x0000abcd,0x0000ffff,6,ipv6,ff02::1a,fe80::212:7409:9:909,64,58,0x0000e7f3,1,00,0,155
17511,66,0x0000d841,29,00:12:74:09:00:09:09:09,0x0000abcd,0x0000ffff,6,ipv6,ff02::1a,fe80::212:7409:9:909,64,58,0x0000e7f3,1,00,0,155
17512,66,0x0000d841,29,00:12:74:09:00:09:09:09,0x0000abcd,0x0000ffff,6,ipv6,ff02::1a,fe80::212:7409:9:909,64,58,0x0000e7f3,1,00,0,155
17513,66,0x0000d841,29,00:12:74:09:00:09:09:09,0x0000abcd,0x0000ffff,6,ipv6,ff02::1a,fe80::212:7409:9:909,64,58,0x0000e7f3,1,00,0,155
17514,66,0x0000d841,29,00:12:74:09:00:09:09:09,0x0000abcd,0x0000ffff,6,ipv6,ff02::1a,fe80::212:7409:9:909,64,58,0x0000e7f3,1,00,0,155
17515,66,0x0000d841,29,00:12:74:09:00:09:09:09,0x0000abcd,0x0000ffff,6,ipv6,ff02::1a,fe80::212:7409:9:909,64,58,0x0000e7f3,1,00,0,155
17516,66,0x0000d841,29,00:12:74:09:00:09:09:09,0x0000abcd,0x0000ffff,6,ipv6,ff02::1a,fe80::212:7409:9:909,64,58,0x0000e7f3,1,00,0,155
17517,66,0x0000d841,29,00:12:74:09:00:09:09:09,0x0000abcd,0x0000ffff,6,ipv6,ff02::1a,fe80::212:7409:9:909,64,58,0x0000e7f3,1,00,0,155
17518,66,0x0000d841,29,00:12:74:09:00:09:09:09,0x0000abcd,0x0000ffff,6,ipv6,ff02::1a,fe80::212:7409:9:909,64,58,0x0000e7f3,1,00,0,155
17519,66,0x0000d841,29,00:12:74:09:00:09:09:09,0x0000abcd,0x0000ffff,6,ipv6,ff02::1a,fe80::212:7409:9:909,64,58,0x0000e7f3,1,00,0,155
17520,66,0x0000d841,29,00:12:74:09:00:09:09:09,0x0000abcd,0x0000ffff,6,ipv6,ff02::1a,fe80::212:7409:9:909,64,58,0x0000e7f3,1,00,0,155
17521,66,0x0000d841,29,00:12:74:09:00:09:09:09,0x0000abcd,0x0000ffff,6,ipv6,ff02::1a,fe80::212:7409:9:909,64,58,0x0000e7f3,1,00,0,155
17522,66,0x0000d841,29,00:12:74:09:00:09:09:09,0x0000abcd,0x0000ffff,6,ipv6,ff02::1a,fe80::212:7409:9:909,64,58,0x0000e7f3,1,00,0,155
17523,66,0x0000d841,29,00:12:74:09:00:09:09:09,0x0000abcd,0x0000ffff,6,ipv6,ff02::1a,fe80::212:7409:9:909,64,58,0x0000e7f3,1,00,0,155
17524,66,0x0000d841,29,00:12:74:09:00:09:09:09,0x0000abcd,0x0000ffff,6,ipv6,ff02::1a,fe80::212:7409:9:909,64,58,0x0000e7f3,1,00,0,155
17525,66,0x0000d841,29,00:12:74:09:00:09:09:09,0x0000abcd,0x0000ffff,6,ipv6,ff02::1a,fe80::212:7409:9:909,64,58,0x0000e7f3,1,00,0,155
17526,66,0x0000d841,29,00:12:74:09:00:09:09:09,0x0000abcd,0x0000ffff,6,ipv6,ff02::1a,fe80::212:7409:9:909,64,58,0x0000e7f3,1,00,0,155
17527,66,0x0000d841,29,00:12:74:09:00:09:09:09,0x0000abcd,0x0000ffff,6,ipv6,ff02::1a,fe80::212:7409:9:909,64,58,0x0000e7f3,1,00,0,155
17528,66,0x0000d841,29,00:12:74:09:00:09:09:09,0x0000abcd,0x0000ffff,6,ipv6,ff02::1a,fe80::212:7409:9:909,64,58,0x0000e7f3,1,00,0,155
17529,66,0x0000d841,29,00:12:74:09:00:09:09:09,0x0000abcd,0x0000ffff,6,ipv6,ff02::1a,fe80::212:7409:9:909,64,58,0x0000e7f3,1,00,0,155
17530,66,0x0000d841,29,00:12:74:09:00:09:09:09,0x0000abcd,0x0000ffff,6,ipv6,ff02::1a,fe80::212:7409:9:909,64,58,0x0000e7f3,1,00,0,155
17531,66,0x0000d841,29,00:12:74:09:00:09:09:09,0x0000abcd,0x0000ffff,6,ipv6,ff02::1a,fe80::212:7409:9:909,64,58,0x0000e7f3,1,00,0,155
17532,66,0x0000d841,29,00:12:74:09:00:09:09:09,0x0000abcd,0x0000ffff,6,ipv6,ff02::1a,fe80::212:7409:9:909,64,58,0x0000e7f3,1,00,0,155
17533,66,0x0000d841,29,00:12:74:09:00:09:09:09,0x0000abcd,0x0000ffff,6,ipv6,ff02::1a,fe80::212:7409:9:909,64,58,0x0000e7f3,1,00,0,155
17534,66,0x0000d841,29,00:12:74:09:00:09:09:09,0x0000abcd,0x0000ffff,6,ipv6,ff02::1a,fe80::212:7409:9:909,64,58,0x0000e7f3,1,00,0,155
17535,66,0x0000d841,29,00:12:74:09:00:09:09:09,0x0000abcd,0x0000ffff,6,ipv6,ff02::1a,fe80::212:7409:9:909,64,58,0x0000e7f3,1,00,0,155
17536,66,0x0000d841,29,00:12:74:09:00:09:09:09,0x0000abcd,0x0000ffff,6,ipv6,ff02::1a,fe80::212:7409:9:909,64,58,0x0000e7f3,1,00,0,155
17537,66,0x0000d841,29,00:12:74:09:00:09:09:09,0x0000abcd,0x0000ffff,6,ipv6,ff02::1a,fe80::212:7409:9:909,64,58,0x0000e7f3,1,00,0,155
17538,66,0x0000d841,29,00:12:74:09:00:09:09:09,0x0000abcd,0x0000ffff,6,ipv6,ff02::1a,fe80::212:7409:9:909,64,58,0x0000e7f3,1,00,0,155
17539,66,0x0000d841,29,00:12:74:09:00:09:09:09,0x0000abcd,0x0000ffff,6,ipv6,ff02::1a,fe80::212:7409:9:909,64,58,0x0000e7f3,1,00,0,155
17540,66,0x0000d841,29,00:12:74:09:00:09:09:09,0x0000abcd,0x0000ffff,6,ipv6,ff02::1a,fe80::212:7409:9:909,64,58,0x0000e7f3,1,00,0,155
24336,66,0x0000d841,30,00:12:74:09:00:09:09:09,0x0000abcd,0x0000ffff,6,ipv6,ff02::1a,fe80::212:7409:9:909,64,58,0x0000e7f3,1,00,0,155
24337,66,0x0000d841,30,00:12:74:09:00:09:09:09,0x0000abcd,0x0000ffff,6,ipv6,ff02::1a,fe80::212:7409:9:909,64,58,0x0000e7f3,1,00,0,155
24339,66,0x0000d841,30,00:12:74:09:00:09:09:09,0x0000abcd,0x0000ffff,6,ipv6,ff02::1a,fe80::212:7409:9:909,64,58,0x0000e7f3,1,00,0,155
24341,66,0x0000d841,30,00:12:74:09:00:09:09:09,0x0000abcd,0x0000ffff,6,ipv6,ff02::1a,fe80::212:7409:9:909,64,58,0x0000e7f3,1,00,0,155
24342,66,0x0000d841,30,00:12:74:09:00:09:09:09,0x0000abcd,0x0000ffff,6,ipv6,ff02::1a,fe80::212:7409:9:909,64,58,0x0000e7f3,1,00,0,155
24344,66,0x0000d841,30,00:12:74:09:00:09:09:09,0x0000abcd,0x0000ffff,6,ipv6,ff02::1a,fe80::212:7409:9:909,64,58,0x0000e7f3,1,00,0,155
24346,66,0x0000d841,30,00:12:74:09:00:09:09:09,0x0000abcd,0x0000ffff,6,ipv6,ff02::1a,fe80::212:7409:9:909,64,58,0x0000e7f3,1,00,0,155
24348,66,0x0000d841,30,00:12:74:09:00:09:09:09,0x0000abcd,0x0000ffff,6,ipv6,ff02::1a,fe80::212:7409:9:909,64,58,0x0000e7f3,1,00,0,155
24349,66,0x0000d841,30,00:12:74:09:00:09:09:09,0x0000abcd,0x0000ffff,6,ipv6,ff02::1a,fe80::212:7409:9:909,64,58,0x0000e7f3,1,00,0,155
24351,66,0x0000d841,30,00:12:74:09:00:09:09:09,0x0000abcd,0x0000ffff,6,ipv6,ff02::1a,fe80::212:7409:9:909,64,58,0x0000e7f3,1,00,0,155
24353,66,0x0000d841,30,00:12:74:09:00:09:09:09,0x0000abcd,0x0000ffff,6,ipv6,ff02::1a,fe80::212:7409:9:909,64,58,0x0000e7f3,1,00,0,155
24355,66,0x0000d841,30,00:12:74:09:00:09:09:09,0x0000abcd,0x0000ffff,6,ipv6,ff02::1a,fe80::212:7409:9:909,64,58,0x0000e7f3,1,00,0,155
24357,66,0x0000d841,30,00:12:74:09:00:09:09:09,0x0000abcd,0x0000ffff,6,ipv6,ff02::1a,fe80::212:7409:9:909,64,58,0x0000e7f3,1,00,0,155
24358,66,0x0000d841,30,00:12:74:09:00:09:09:09,0x0000abcd,0x0000ffff,6,ipv6,ff02::1a,fe80::212:7409:9:909,64,58,0x0000e7f3,1,00,0,155
24360,66,0x0000d841,30,00:12:74:09:00:09:09:09,0x0000abcd,0x0000ffff,6,ipv6,ff02::1a,fe80::212:7409:9:909,64,58,0x0000e7f3,1,00,0,155
24362,66,0x0000d841,30,00:12:74:09:00:09:09:09,0x0000abcd,0x0000ffff,6,ipv6,ff02::1a,fe80::212:7409:9:909,64,58,0x0000e7f3,1,00,0,155
24364,66,0x0000d841,30,00:12:74:09:00:09:09:09,0x0000abcd,0x0000ffff,6,ipv6,ff02::1a,fe80::212:7409:9:909,64,58,0x0000e7f3,1,00,0,155
24365,66,0x0000d841,30,00:12:74:09:00:09:09:09,0x0000abcd,0x0000ffff,6,ipv6,ff02::1a,fe80::212:7409:9:909,64,58,0x0000e7f3,1,00,0,155
24367,66,0x0000d841,30,00:12:74:09:00:09:09:09,0x0000abcd,0x0000ffff,6,ipv6,ff02::1a,fe80::212:7409:9:909,64,58,0x0000e7f3,1,00,0,155
24369,66,0x0000d841,30,00:12:74:09:00:09:09:09,0x0000abcd,0x0000ffff,6,ipv6,ff02::1a,fe80::212:7409:9:909,64,58,0x0000e7f3,1,00,0,155
24371,66,0x0000d841,30,00:12:74:09:00:09:09:09,0x0000abcd,0x0000ffff,6,ipv6,ff02::1a,fe80::212:7409:9:909,64,58,0x0000e7f3,1,00,0,155
24372,66,0x0000d841,30,00:12:74:09:00:09:09:09,0x0000abcd,0x0000ffff,6,ipv6,ff02::1a,fe80::212:7409:9:909,64,58,0x0000e7f3,1,00,0,155
24374,66,0x0000d841,30,00:12:74:09:00:09:09:09,0x0000abcd,0x0000ffff,6,ipv6,ff02::1a,fe80::212:7409:9:909,64,58,0x0000e7f3,1,00,0,155
24376,66,0x0000d841,30,00:12:74:09:00:09:09:09,0x0000abcd,0x0000ffff,6,ipv6,ff02::1a,fe80::212:7409:9:909,64,58,0x0000e7f3,1,00,0,155
24378,66,0x0000d841,30,00:12:74:09:00:09:09:09,0x0000abcd,0x0000ffff,6,ipv6,ff02::1a,fe80::212:7409:9:909,64,58,0x0000e7f3,1,00,0,155
24379,66,0x0000d841,30,00:12:74:09:00:09:09:09,0x0000abcd,0x0000ffff,6,ipv6,ff02::1a,fe80::212:7409:9:909,64,58,0x0000e7f3,1,00,0,155
24381,66,0x0000d841,30,00:12:74:09:00:09:09:09,0x0000abcd,0x0000ffff,6,ipv6,ff02::1a,fe80::212:7409:9:909,64,58,0x0000e7f3,1,00,0,155
24383,66,0x0000d841,30,00:12:74:09:00:09:09:09,0x0000abcd,0x0000ffff,6,ipv6,ff02::1a,fe80::212:7409:9:909,64,58,0x0000e7f3,1,00,0,155
24385,66,0x0000d841,30,00:12:74:09:00:09:09:09,0x0000abcd,0x0000ffff,6,ipv6,ff02::1a,fe80::212:7409:9:909,64,58,0x0000e7f3,1,00,0,155
24387,66,0x0000d841,30,00:12:74:09:00:09:09:09,0x0000abcd,0x0000ffff,6,ipv6,ff02::1a,fe80::212:7409:9:909,64,58,0x0000e7f3,1,00,0,155
24388,66,0x0000d841,30,00:12:74:09:00:09:09:09,0x0000abcd,0x0000ffff,6,ipv6,ff02::1a,fe80::212:7409:9:909,64,58,0x0000e7f3,1,00,0,155
24390,66,0x0000d841,30,00:12:74:09:00:09:09:09,0x0000abcd,0x0000ffff,6,ipv6,ff02::1a,fe80::212:7409:9:909,64,58,0x0000e7f3,1,00,0,155
24392,66,0x0000d841,30,00:12:74:09:00:09:09:09,0x0000abcd,0x0000ffff,6,ipv6,ff02::1a,fe80::212:7409:9:909,64,58,0x0000e7f3,1,00,0,155
24394,66,0x0000d841,30,00:12:74:09:00:09:09:09,0x0000abcd,0x0000ffff,6,ipv6,ff02::1a,fe80::212:7409:9:909,64,58,0x0000e7f3,1,00,0,155
24395,66,0x0000d841,30,00:12:74:09:00:09:09:09,0x0000abcd,0x0000ffff,6,ipv6,ff02::1a,fe80::212:7409:9:909,64,58,0x0000e7f3,1,00,0,155
24397,66,0x0000d841,30,00:12:74:09:00:09:09:09,0x0000abcd,0x0000ffff,6,ipv6,ff02::1a,fe80::212:7409:9:909,64,58,0x0000e7f3,1,00,0,155
24399,66,0x0000d841,30,00:12:74:09:00:09:09:09,0x0000abcd,0x0000ffff,6,ipv6,ff02::1a,fe80::212:7409:9:909,64,58,0x0000e7f3,1,00,0,155
24401,66,0x0000d841,30,00:12:74:09:00:09:09:09,0x0000abcd,0x0000ffff,6,ipv6,ff02::1a,fe80::212:7409:9:909,64,58,0x0000e7f3,1,00,0,155
30451,66,0x0000d841,31,00:12:74:09:00:09:09:09,0x0000abcd,0x0000ffff,6,ipv6,ff02::1a,fe80::212:7409:9:909,64,58,0x0000e7f3,1,00,0,155
30452,66,0x0000d841,31,00:12:74:09:00:09:09:09,0x0000abcd,0x0000ffff,6,ipv6,ff02::1a,fe80::212:7409:9:909,64,58,0x0000e7f3,1,00,0,155
30453,66,0x0000d841,31,00:12:74:09:00:09:09:09,0x0000abcd,0x0000ffff,6,ipv6,ff02::1a,fe80::212:7409:9:909,64,58,0x0000e7f3,1,00,0,155
30454,66,0x0000d841,31,00:12:74:09:00:09:09:09,0x0000abcd,0x0000ffff,6,ipv6,ff02::1a,fe80::212:7409:9:909,64,58,0x0000e7f3,1,00,0,155
30455,66,0x0000d841,31,00:12:74:09:00:09:09:09,0x0000abcd,0x0000ffff,6,ipv6,ff02::1a,fe80::212:7409:9:909,64,58,0x0000e7f3,1,00,0,155
30457,66,0x0000d841,31,00:12:74:09:00:09:09:09,0x0000abcd,0x0000ffff,6,ipv6,ff02::1a,fe80::212:7409:9:909,64,58,0x0000e7f3,1,00,0,155
30459,66,0x0000d841,31,00:12:74:09:00:09:09:09,0x0000abcd,0x0000ffff,6,ipv6,ff02::1a,fe80::212:7409:9:909,64,58,0x0000e7f3,1,00,0,155
30460,66,0x0000d841,31,00:12:74:09:00:09:09:09,0x0000abcd,0x0000ffff,6,ipv6,ff02::1a,fe80::212:7409:9:909,64,58,0x0000e7f3,1,00,0,155
30462,66,0x0000d841,31,00:12:74:09:00:09:09:09,0x0000abcd,0x0000ffff,6,ipv6,ff02::1a,fe80::212:7409:9:909,64,58,0x0000e7f3,1,00,0,155
30464,66,0x0000d841,31,00:12:74:09:00:09:09:09,0x0000abcd,0x0000ffff,6,ipv6,ff02::1a,fe80::212:7409:9:909,64,58,0x0000e7f3,1,00,0,155
30466,66,0x0000d841,31,00:12:74:09:00:09:09:09,0x0000abcd,0x0000ffff,6,ipv6,ff02::1a,fe80::212:7409:9:909,64,58,0x0000e7f3,1,00,0,155
30467,66,0x0000d841,31,00:12:74:09:00:09:09:09,0x0000abcd,0x0000ffff,6,ipv6,ff02::1a,fe80::212:7409:9:909,64,58,0x0000e7f3,1,00,0,155
30469,66,0x0000d841,31,00:12:74:09:00:09:09:09,0x0000abcd,0x0000ffff,6,ipv6,ff02::1a,fe80::212:7409:9:909,64,58,0x0000e7f3,1,00,0,155
30471,66,0x0000d841,31,00:12:74:09:00:09:09:09,0x0000abcd,0x0000ffff,6,ipv6,ff02::1a,fe80::212:7409:9:909,64,58,0x0000e7f3,1,00,0,155
30473,66,0x0000d841,31,00:12:74:09:00:09:09:09,0x0000abcd,0x0000ffff,6,ipv6,ff02::1a,fe80::212:7409:9:909,64,58,0x0000e7f3,1,00,0,155
30474,66,0x0000d841,31,00:12:74:09:00:09:09:09,0x0000abcd,0x0000ffff,6,ipv6,ff02::1a,fe80::212:7409:9:909,64,58,0x0000e7f3,1,00,0,155
30476,66,0x0000d841,31,00:12:74:09:00:09:09:09,0x0000abcd,0x0000ffff,6,ipv6,ff02::1a,fe80::212:7409:9:909,64,58,0x0000e7f3,1,00,0,155
30478,66,0x0000d841,31,00:12:74:09:00:09:09:09,0x0000abcd,0x0000ffff,6,ipv6,ff02::1a,fe80::212:7409:9:909,64,58,0x0000e7f3,1,00,0,155
30480,66,0x0000d841,31,00:12:74:09:00:09:09:09,0x0000abcd,0x0000ffff,6,ipv6,ff02::1a,fe80::212:7409:9:909,64,58,0x0000e7f3,1,00,0,155
30482,66,0x0000d841,31,00:12:74:09:00:09:09:09,0x0000abcd,0x0000ffff,6,ipv6,ff02::1a,fe80::212:7409:9:909,64,58,0x0000e7f3,1,00,0,155
30483,66,0x0000d841,31,00:12:74:09:00:09:09:09,0x0000abcd,0x0000ffff,6,ipv6,ff02::1a,fe80::212:7409:9:909,64,58,0x0000e7f3,1,00,0,155
30485,66,0x0000d841,31,00:12:74:09:00:09:09:09,0x0000abcd,0x0000ffff,6,ipv6,ff02::1a,fe80::212:7409:9:909,64,58,0x0000e7f3,1,00,0,155
30487,66,0x0000d841,31,00:12:74:09:00:09:09:09,0x0000abcd,0x0000ffff,6,ipv6,ff02::1a,fe80::212:7409:9:909,64,58,0x0000e7f3,1,00,0,155
30489,66,0x0000d841,31,00:12:74:09:00:09:09:09,0x0000abcd,0x0000ffff,6,ipv6,ff02::1a,fe80::212:7409:9:909,64,58,0x0000e7f3,1,00,0,155
30490,66,0x0000d841,31,00:12:74:09:00:09:09:09,0x0000abcd,0x0000ffff,6,ipv6,ff02::1a,fe80::212:7409:9:909,64,58,0x0000e7f3,1,00,0,155
30492,66,0x0000d841,31,00:12:74:09:00:09:09:09,0x0000abcd,0x0000ffff,6,ipv6,ff02::1a,fe80::212:7409:9:909,64,58,0x0000e7f3,1,00,0,155
30494,66,0x0000d841,31,00:12:74:09:00:09:09:09,0x0000abcd,0x0000ffff,6,ipv6,ff02::1a,fe80::212:7409:9:909,64,58,0x0000e7f3,1,00,0,155
30496,66,0x0000d841,31,00:12:74:09:00:09:09:09,0x0000abcd,0x0000ffff,6,ipv6,ff02::1a,fe80::212:7409:9:909,64,58,0x0000e7f3,1,00,0,155
30497,66,0x0000d841,31,00:12:74:09:00:09:09:09,0x0000abcd,0x0000ffff,6,ipv6,ff02::1a,fe80::212:7409:9:909,64,58,0x0000e7f3,1,00,0,155
30499,66,0x0000d841,31,00:12:74:09:00:09:09:09,0x0000abcd,0x0000ffff,6,ipv6,ff02::1a,fe80::212:7409:9:909,64,58,0x0000e7f3,1,00,0,155
30501,66,0x0000d841,31,00:12:74:09:00:09:09:09,0x0000abcd,0x0000ffff,6,ipv6,ff02::1a,fe80::212:7409:9:909,64,58,0x0000e7f3,1,00,0,155
30503,66,0x0000d841,31,00:12:74:09:00:09:09:09,0x0000abcd,0x0000ffff,6,ipv6,ff02::1a,fe80::212:7409:9:909,64,58,0x0000e7f3,1,00,0,155
30504,66,0x0000d841,31,00:12:74:09:00:09:09:09,0x0000abcd,0x0000ffff,6,ipv6,ff02::1a,fe80::212:7409:9:909,64,58,0x0000e7f3,1,00,0,155
30506,66,0x0000d841,31,00:12:74:09:00:09:09:09,0x0000abcd,0x0000ffff,6,ipv6,ff02::1a,fe80::212:7409:9:909,64,58,0x0000e7f3,1,00,0,155
30508,66,0x0000d841,31,00:12:74:09:00:09:09:09,0x0000abcd,0x0000ffff,6,ipv6,ff02::1a,fe80::212:7409:9:909,64,58,0x0000e7f3,1,00,0,155
30510,66,0x0000d841,31,00:12:74:09:00:09:09:09,0x0000abcd,0x0000ffff,6,ipv6,ff02::1a,fe80::212:7409:9:909,64,58,0x0000e7f3,1,00,0,155
30512,66,0x0000d841,31,00:12:74:09:00:09:09:09,0x0000abcd,0x0000ffff,6,ipv6,ff02::1a,fe80::212:7409:9:909,64,58,0x0000e7f3,1,00,0,155
30513,66,0x0000d841,31,00:12:74:09:00:09:09:09,0x0000abcd,0x0000ffff,6,ipv6,ff02::1a,fe80::212:7409:9:909,64,58,0x0000e7f3,1,00,0,155
37382,66,0x0000d841,32,00:12:74:09:00:09:09:09,0x0000abcd,0x0000ffff,6,ipv6,ff02::1a,fe80::212:7409:9:909,64,58,0x0000e7f3,1,00,0,155
37384,66,0x0000d841,32,00:12:74:09:00:09:09:09,0x0000abcd,0x0000ffff,6,ipv6,ff02::1a,fe80::212:7409:9:909,64,58,0x0000e7f3,1,00,0,155
37387,66,0x0000d841,32,00:12:74:09:00:09:09:09,0x0000abcd,0x0000ffff,6,ipv6,ff02::1a,fe80::212:7409:9:909,64,58,0x0000e7f3,1,00,0,155
37390,66,0x0000d841,32,00:12:74:09:00:09:09:09,0x0000abcd,0x0000ffff,6,ipv6,ff02::1a,fe80::212:7409:9:909,64,58,0x0000e7f3,1,00,0,155
37393,66,0x0000d841,32,00:12:74:09:00:09:09:09,0x0000abcd,0x0000ffff,6,ipv6,ff02::1a,fe80::212:7409:9:909,64,58,0x0000e7f3,1,00,0,155
37395,66,0x0000d841,32,00:12:74:09:00:09:09:09,0x0000abcd,0x0000ffff,6,ipv6,ff02::1a,fe80::212:7409:9:909,64,58,0x0000e7f3,1,00,0,155
37398,66,0x0000d841,32,00:12:74:09:00:09:09:09,0x0000abcd,0x0000ffff,6,ipv6,ff02::1a,fe80::212:7409:9:909,64,58,0x0000e7f3,1,00,0,155
37401,66,0x0000d841,32,00:12:74:09:00:09:09:09,0x0000abcd,0x0000ffff,6,ipv6,ff02::1a,fe80::212:7409:9:909,64,58,0x0000e7f3,1,00,0,155
37404,66,0x0000d841,32,00:12:74:09:00:09:09:09,0x0000abcd,0x0000ffff,6,ipv6,ff02::1a,fe80::212:7409:9:909,64,58,0x0000e7f3,1,00,0,155
37406,66,0x0000d841,32,00:12:74:09:00:09:09:09,0x0000abcd,0x0000ffff,6,ipv6,ff02::1a,fe80::212:7409:9:909,64,58,0x0000e7f3,1,00,0,155
37409,66,0x0000d841,32,00:12:74:09:00:09:09:09,0x0000abcd,0x0000ffff,6,ipv6,ff02::1a,fe80::212:7409:9:909,64,58,0x0000e7f3,1,00,0,155
37412,66,0x0000d841,32,00:12:74:09:00:09:09:09,0x0000abcd,0x0000ffff,6,ipv6,ff02::1a,fe80::212:7409:9:909,64,58,0x0000e7f3,1,00,0,155
37414,66,0x0000d841,32,00:12:74:09:00:09:09:09,0x0000abcd,0x0000ffff,6,ipv6,ff02::1a,fe80::212:7409:9:909,64,58,0x0000e7f3,1,00,0,155
37417,66,0x0000d841,32,00:12:74:09:00:09:09:09,0x0000abcd,0x0000ffff,6,ipv6,ff02::1a,fe80::212:7409:9:909,64,58,0x0000e7f3,1,00,0,155
37419,66,0x0000d841,32,00:12:74:09:00:09:09:09,0x0000abcd,0x0000ffff,6,ipv6,ff02::1a,fe80::212:7409:9:909,64,58,0x0000e7f3,1,00,0,155
37422,66,0x0000d841,32,00:12:74:09:00:09:09:09,0x0000abcd,0x0000ffff,6,ipv6,ff02::1a,fe80::212:7409:9:909,64,58,0x0000e7f3,1,00,0,155
37425,66,0x0000d841,32,00:12:74:09:00:09:09:09,0x0000abcd,0x0000ffff,6,ipv6,ff02::1a,fe80::212:7409:9:909,64,58,0x0000e7f3,1,00,0,155
37428,66,0x0000d841,32,00:12:74:09:00:09:09:09,0x0000abcd,0x0000ffff,6,ipv6,ff02::1a,fe80::212:7409:9:909,64,58,0x0000e7f3,1,00,0,155
37430,66,0x0000d841,32,00:12:74:09:00:09:09:09,0x0000abcd,0x0000ffff,6,ipv6,ff02::1a,fe80::212:7409:9:909,64,58,0x0000e7f3,1,00,0,155
37433,66,0x0000d841,32,00:12:74:09:00:09:09:09,0x0000abcd,0x0000ffff,6,ipv6,ff02::1a,fe80::212:7409:9:909,64,58,0x0000e7f3,1,00,0,155
37436,66,0x0000d841,32,00:12:74:09:00:09:09:09,0x0000abcd,0x0000ffff,6,ipv6,ff02::1a,fe80::212:7409:9:909,64,58,0x0000e7f3,1,00,0,155
37439,66,0x0000d841,32,00:12:74:09:00:09:09:09,0x0000abcd,0x0000ffff,6,ipv6,ff02::1a,fe80::212:7409:9:909,64,58,0x0000e7f3,1,00,0,155
37441,66,0x0000d841,32,00:12:74:09:00:09:09:09,0x0000abcd,0x0000ffff,6,ipv6,ff02::1a,fe80::212:7409:9:909,64,58,0x0000e7f3,1,00,0,155
37444,66,0x0000d841,32,00:12:74:09:00:09:09:09,0x0000abcd,0x0000ffff,6,ipv6,ff02::1a,fe80::212:7409:9:909,64,58,0x0000e7f3,1,00,0,155
37446,66,0x0000d841,32,00:12:74:09:00:09:09:09,0x0000abcd,0x0000ffff,6,ipv6,ff02::1a,fe80::212:7409:9:909,64,58,0x0000e7f3,1,00,0,155
37447,66,0x0000d841,32,00:12:74:09:00:09:09:09,0x0000abcd,0x0000ffff,6,ipv6,ff02::1a,fe80::212:7409:9:909,64,58,0x0000e7f3,1,00,0,155
37448,66,0x0000d841,32,00:12:74:09:00:09:09:09,0x0000abcd,0x0000ffff,6,ipv6,ff02::1a,fe80::212:7409:9:909,64,58,0x0000e7f3,1,00,0,155
37449,66,0x0000d841,32,00:12:74:09:00:09:09:09,0x0000abcd,0x0000ffff,6,ipv6,ff02::1a,fe80::212:7409:9:909,64,58,0x0000e7f3,1,00,0,155
37450,66,0x0000d841,32,00:12:74:09:00:09:09:09,0x0000abcd,0x0000ffff,6,ipv6,ff02::1a,fe80::212:7409:9:909,64,58,0x0000e7f3,1,00,0,155
37451,66,0x0000d841,32,00:12:74:09:00:09:09:09,0x0000abcd,0x0000ffff,6,ipv6,ff02::1a,fe80::212:7409:9:909,64,58,0x0000e7f3,1,00,0,155
37452,66,0x0000d841,32,00:12:74:09:00:09:09:09,0x0000abcd,0x0000ffff,6,ipv6,ff02::1a,fe80::212:7409:9:909,64,58,0x0000e7f3,1,00,0,155
37453,66,0x0000d841,32,00:12:74:09:00:09:09:09,0x0000abcd,0x0000ffff,6,ipv6,ff02::1a,fe80::212:7409:9:909,64,58,0x0000e7f3,1,00,0,155
37454,66,0x0000d841,32,00:12:74:09:00:09:09:09,0x0000abcd,0x0000ffff,6,ipv6,ff02::1a,fe80::212:7409:9:909,64,58,0x0000e7f3,1,00,0,155
37455,66,0x0000d841,32,00:12:74:09:00:09:09:09,0x0000abcd,0x0000ffff,6,ipv6,ff02::1a,fe80::212:7409:9:909,64,58,0x0000e7f3,1,00,0,155
37456,66,0x0000d841,32,00:12:74:09:00:09:09:09,0x0000abcd,0x0000ffff,6,ipv6,ff02::1a,fe80::212:7409:9:909,64,58,0x0000e7f3,1,00,0,155
37457,66,0x0000d841,32,00:12:74:09:00:09:09:09,0x0000abcd,0x0000ffff,6,ipv6,ff02::1a,fe80::212:7409:9:909,64,58,0x0000e7f3,1,00,0,155
37458,66,0x0000d841,32,00:12:74:09:00:09:09:09,0x0000abcd,0x0000ffff,6,ipv6,ff02::1a,fe80::212:7409:9:909,64,58,0x0000e7f3,1,00,0,155
37459,66,0x0000d841,32,00:12:74:09:00:09:09:09,0x0000abcd,0x0000ffff,6,ipv6,ff02::1a,fe80::212:7409:9:909,64,58,0x0000e7f3,1,00,0,155
43535,66,0x0000d841,33,00:12:74:09:00:09:09:09,0x0000abcd,0x0000ffff,6,ipv6,ff02::1a,fe80::212:7409:9:909,64,58,0x0000e7f3,1,00,0,155
43536,66,0x0000d841,33,00:12:74:09:00:09:09:09,0x0000abcd,0x0000ffff,6,ipv6,ff02::1a,fe80::212:7409:9:909,64,58,0x0000e7f3,1,00,0,155
43537,66,0x0000d841,33,00:12:74:09:00:09:09:09,0x0000abcd,0x0000ffff,6,ipv6,ff02::1a,fe80::212:7409:9:909,64,58,0x0000e7f3,1,00,0,155
43538,66,0x0000d841,33,00:12:74:09:00:09:09:09,0x0000abcd,0x0000ffff,6,ipv6,ff02::1a,fe80::212:7409:9:909,64,58,0x0000e7f3,1,00,0,155
43539,66,0x0000d841,33,00:12:74:09:00:09:09:09,0x0000abcd,0x0000ffff,6,ipv6,ff02::1a,fe80::212:7409:9:909,64,58,0x0000e7f3,1,00,0,155
43540,66,0x0000d841,33,00:12:74:09:00:09:09:09,0x0000abcd,0x0000ffff,6,ipv6,ff02::1a,fe80::212:7409:9:909,64,58,0x0000e7f3,1,00,0,155
43541,66,0x0000d841,33,00:12:74:09:00:09:09:09,0x0000abcd,0x0000ffff,6,ipv6,ff02::1a,fe80::212:7409:9:909,64,58,0x0000e7f3,1,00,0,155
43542,66,0x0000d841,33,00:12:74:09:00:09:09:09,0x0000abcd,0x0000ffff,6,ipv6,ff02::1a,fe80::212:7409:9:909,64,58,0x0000e7f3,1,00,0,155
43543,66,0x0000d841,33,00:12:74:09:00:09:09:09,0x0000abcd,0x0000ffff,6,ipv6,ff02::1a,fe80::212:7409:9:909,64,58,0x0000e7f3,1,00,0,155
43544,66,0x0000d841,33,00:12:74:09:00:09:09:09,0x0000abcd,0x0000ffff,6,ipv6,ff02::1a,fe80::212:7409:9:909,64,58,0x0000e7f3,1,00,0,155
43545,66,0x0000d841,33,00:12:74:09:00:09:09:09,0x0000abcd,0x0000ffff,6,ipv6,ff02::1a,fe80::212:7409:9:909,64,58,0x0000e7f3,1,00,0,155
43546,66,0x0000d841,33,00:12:74:09:00:09:09:09,0x0000abcd,0x0000ffff,6,ipv6,ff02::1a,fe80::212:7409:9:909,64,58,0x0000e7f3,1,00,0,155
43547,66,0x0000d841,33,00:12:74:09:00:09:09:09,0x0000abcd,0x0000ffff,6,ipv6,ff02::1a,fe80::212:7409:9:909,64,58,0x0000e7f3,1,00,0,155
43548,66,0x0000d841,33,00:12:74:09:00:09:09:09,0x0000abcd,0x0000ffff,6,ipv6,ff02::1a,fe80::212:7409:9:909,64,58,0x0000e7f3,1,00,0,155
43549,66,0x0000d841,33,00:12:74:09:00:09:09:09,0x0000abcd,0x0000ffff,6,ipv6,ff02::1a,fe80::212:7409:9:909,64,58,0x0000e7f3,1,00,0,155
43550,66,0x0000d841,33,00:12:74:09:00:09:09:09,0x0000abcd,0x0000ffff,6,ipv6,ff02::1a,fe80::212:7409:9:909,64,58,0x0000e7f3,1,00,0,155
43551,66,0x0000d841,33,00:12:74:09:00:09:09:09,0x0000abcd,0x0000ffff,6,ipv6,ff02::1a,fe80::212:7409:9:909,64,58,0x0000e7f3,1,00,0,155
43552,66,0x0000d841,33,00:12:74:09:00:09:09:09,0x0000abcd,0x0000ffff,6,ipv6,ff02::1a,fe80::212:7409:9:909,64,58,0x0000e7f3,1,00,0,155
43553,66,0x0000d841,33,00:12:74:09:00:09:09:09,0x0000abcd,0x0000ffff,6,ipv6,ff02::1a,fe80::212:7409:9:909,64,58,0x0000e7f3,1,00,0,155
43554,66,0x0000d841,33,00:12:74:09:00:09:09:09,0x0000abcd,0x0000ffff,6,ipv6,ff02::1a,fe80::212:7409:9:909,64,58,0x0000e7f3,1,00,0,155
43555,66,0x0000d841,33,00:12:74:09:00:09:09:09,0x0000abcd,0x0000ffff,6,ipv6,ff02::1a,fe80::212:7409:9:909,64,58,0x0000e7f3,1,00,0,155
43556,66,0x0000d841,33,00:12:74:09:00:09:09:09,0x0000abcd,0x0000ffff,6,ipv6,ff02::1a,fe80::212:7409:9:909,64,58,0x0000e7f3,1,00,0,155
43557,66,0x0000d841,33,00:12:74:09:00:09:09:09,0x0000abcd,0x0000ffff,6,ipv6,ff02::1a,fe80::212:7409:9:909,64,58,0x0000e7f3,1,00,0,155
43558,66,0x0000d841,33,00:12:74:09:00:09:09:09,0x0000abcd,0x0000ffff,6,ipv6,ff02::1a,fe80::212:7409:9:909,64,58,0x0000e7f3,1,00,0,155
43559,66,0x0000d841,33,00:12:74:09:00:09:09:09,0x0000abcd,0x0000ffff,6,ipv6,ff02::1a,fe80::212:7409:9:909,64,58,0x0000e7f3,1,00,0,155
43560,66,0x0000d841,33,00:12:74:09:00:09:09:09,0x0000abcd,0x0000ffff,6,ipv6,ff02::1a,fe80::212:7409:9:909,64,58,0x0000e7f3,1,00,0,155
43561,66,0x0000d841,33,00:12:74:09:00:09:09:09,0x0000abcd,0x0000ffff,6,ipv6,ff02::1a,fe80::212:7409:9:909,64,58,0x0000e7f3,1,00,0,155
43562,66,0x0000d841,33,00:12:74:09:00:09:09:09,0x0000abcd,0x0000ffff,6,ipv6,ff02::1a,fe80::212:7409:9:909,64,58,0x0000e7f3,1,00,0,155
43563,66,0x0000d841,33,00:12:74:09:00:09:09:09,0x0000abcd,0x0000ffff,6,ipv6,ff02::1a,fe80::212:7409:9:909,64,58,0x0000e7f3,1,00,0,155
43564,66,0x0000d841,33,00:12:74:09:00:09:09:09,0x0000abcd,0x0000ffff,6,ipv6,ff02::1a,fe80::212:7409:9:909,64,58,0x0000e7f3,1,00,0,155
43565,66,0x0000d841,33,00:12:74:09:00:09:09:09,0x0000abcd,0x0000ffff,6,ipv6,ff02::1a,fe80::212:7409:9:909,64,58,0x0000e7f3,1,00,0,155
43566,66,0x0000d841,33,00:12:74:09:00:09:09:09,0x0000abcd,0x0000ffff,6,ipv6,ff02::1a,fe80::212:7409:9:909,64,58,0x0000e7f3,1,00,0,155
43567,66,0x0000d841,33,00:12:74:09:00:09:09:09,0x0000abcd,0x0000ffff,6,ipv6,ff02::1a,fe80::212:7409:9:909,64,58,0x0000e7f3,1,00,0,155
43568,66,0x0000d841,33,00:12:74:09:00:09:09:09,0x0000abcd,0x0000ffff,6,ipv6,ff02::1a,fe80::212:7409:9:909,64,58,0x0000e7f3,1,00,0,155
43569,66,0x0000d841,33,00:12:74:09:00:09:09:09,0x0000abcd,0x0000ffff,6,ipv6,ff02::1a,fe80::212:7409:9:909,64,58,0x0000e7f3,1,00,0,155
43570,66,0x0000d841,33,00:12:74:09:00:09:09:09,0x0000abcd,0x0000ffff,6,ipv6,ff02::1a,fe80::212:7409:9:909,64,58,0x0000e7f3,1,00,0,155
43571,66,0x0000d841,33,00:12:74:09:00:09:09:09,0x0000abcd,0x0000ffff,6,ipv6,ff02::1a,fe80::212:7409:9:909,64,58,0x0000e7f3,1,00,0,155
43572,66,0x0000d841,33,00:12:74:09:00:09:09:09,0x0000abcd,0x0000ffff,6,ipv6,ff02::1a,fe80::212:7409:9:909,64,58,0x0000e7f3,1,00,0,155
49308,66,0x0000d841,34,00:12:74:09:00:09:09:09,0x0000abcd,0x0000ffff,6,ipv6,ff02::1a,fe80::212:7409:9:909,64,58,0x0000e7f3,1,00,0,155
49310,66,0x0000d841,34,00:12:74:09:00:09:09:09,0x0000abcd,0x0000ffff,6,ipv6,ff02::1a,fe80::212:7409:9:909,64,58,0x0000e7f3,1,00,0,155
49312,66,0x0000d841,34,00:12:74:09:00:09:09:09,0x0000abcd,0x0000ffff,6,ipv6,ff02::1a,fe80::212:7409:9:909,64,58,0x0000e7f3,1,00,0,155
49314,66,0x0000d841,34,00:12:74:09:00:09:09:09,0x0000abcd,0x0000ffff,6,ipv6,ff02::1a,fe80::212:7409:9:909,64,58,0x0000e7f3,1,00,0,155
49315,66,0x0000d841,34,00:12:74:09:00:09:09:09,0x0000abcd,0x0000ffff,6,ipv6,ff02::1a,fe80::212:7409:9:909,64,58,0x0000e7f3,1,00,0,155
49317,66,0x0000d841,34,00:12:74:09:00:09:09:09,0x0000abcd,0x0000ffff,6,ipv6,ff02::1a,fe80::212:7409:9:909,64,58,0x0000e7f3,1,00,0,155
49319,66,0x0000d841,34,00:12:74:09:00:09:09:09,0x0000abcd,0x0000ffff,6,ipv6,ff02::1a,fe80::212:7409:9:909,64,58,0x0000e7f3,1,00,0,155
49321,66,0x0000d841,34,00:12:74:09:00:09:09:09,0x0000abcd,0x0000ffff,6,ipv6,ff02::1a,fe80::212:7409:9:909,64,58,0x0000e7f3,1,00,0,155
49323,66,0x0000d841,34,00:12:74:09:00:09:09:09,0x0000abcd,0x0000ffff,6,ipv6,ff02::1a,fe80::212:7409:9:909,64,58,0x0000e7f3,1,00,0,155
49324,66,0x0000d841,34,00:12:74:09:00:09:09:09,0x0000abcd,0x0000ffff,6,ipv6,ff02::1a,fe80::212:7409:9:909,64,58,0x0000e7f3,1,00,0,155
49326,66,0x0000d841,34,00:12:74:09:00:09:09:09,0x0000abcd,0x0000ffff,6,ipv6,ff02::1a,fe80::212:7409:9:909,64,58,0x0000e7f3,1,00,0,155
49328,66,0x0000d841,34,00:12:74:09:00:09:09:09,0x0000abcd,0x0000ffff,6,ipv6,ff02::1a,fe80::212:7409:9:909,64,58,0x0000e7f3,1,00,0,155
49330,66,0x0000d841,34,00:12:74:09:00:09:09:09,0x0000abcd,0x0000ffff,6,ipv6,ff02::1a,fe80::212:7409:9:909,64,58,0x0000e7f3,1,00,0,155
49331,66,0x0000d841,34,00:12:74:09:00:09:09:09,0x0000abcd,0x0000ffff,6,ipv6,ff02::1a,fe80::212:7409:9:909,64,58,0x0000e7f3,1,00,0,155
49333,66,0x0000d841,34,00:12:74:09:00:09:09:09,0x0000abcd,0x0000ffff,6,ipv6,ff02::1a,fe80::212:7409:9:909,64,58,0x0000e7f3,1,00,0,155
49334,66,0x0000d841,34,00:12:74:09:00:09:09:09,0x0000abcd,0x0000ffff,6,ipv6,ff02::1a,fe80::212:7409:9:909,64,58,0x0000e7f3,1,00,0,155
49335,66,0x0000d841,34,00:12:74:09:00:09:09:09,0x0000abcd,0x0000ffff,6,ipv6,ff02::1a,fe80::212:7409:9:909,64,58,0x0000e7f3,1,00,0,155
49336,66,0x0000d841,34,00:12:74:09:00:09:09:09,0x0000abcd,0x0000ffff,6,ipv6,ff02::1a,fe80::212:7409:9:909,64,58,0x0000e7f3,1,00,0,155
49337,66,0x0000d841,34,00:12:74:09:00:09:09:09,0x0000abcd,0x0000ffff,6,ipv6,ff02::1a,fe80::212:7409:9:909,64,58,0x0000e7f3,1,00,0,155
49338,66,0x0000d841,34,00:12:74:09:00:09:09:09,0x0000abcd,0x0000ffff,6,ipv6,ff02::1a,fe80::212:7409:9:909,64,58,0x0000e7f3,1,00,0,155
49339,66,0x0000d841,34,00:12:74:09:00:09:09:09,0x0000abcd,0x0000ffff,6,ipv6,ff02::1a,fe80::212:7409:9:909,64,58,0x0000e7f3,1,00,0,155
49340,66,0x0000d841,34,00:12:74:09:00:09:09:09,0x0000abcd,0x0000ffff,6,ipv6,ff02::1a,fe80::212:7409:9:909,64,58,0x0000e7f3,1,00,0,155
49341,66,0x0000d841,34,00:12:74:09:00:09:09:09,0x0000abcd,0x0000ffff,6,ipv6,ff02::1a,fe80::212:7409:9:909,64,58,0x0000e7f3,1,00,0,155
49342,66,0x0000d841,34,00:12:74:09:00:09:09:09,0x0000abcd,0x0000ffff,6,ipv6,ff02::1a,fe80::212:7409:9:909,64,58,0x0000e7f3,1,00,0,155
49343,66,0x0000d841,34,00:12:74:09:00:09:09:09,0x0000abcd,0x0000ffff,6,ipv6,ff02::1a,fe80::212:7409:9:909,64,58,0x0000e7f3,1,00,0,155
49344,66,0x0000d841,34,00:12:74:09:00:09:09:09,0x0000abcd,0x0000ffff,6,ipv6,ff02::1a,fe80::212:7409:9:909,64,58,0x0000e7f3,1,00,0,155
49345,66,0x0000d841,34,00:12:74:09:00:09:09:09,0x0000abcd,0x0000ffff,6,ipv6,ff02::1a,fe80::212:7409:9:909,64,58,0x0000e7f3,1,00,0,155
49346,66,0x0000d841,34,00:12:74:09:00:09:09:09,0x0000abcd,0x0000ffff,6,ipv6,ff02::1a,fe80::212:7409:9:909,64,58,0x0000e7f3,1,00,0,155
49347,66,0x0000d841,34,00:12:74:09:00:09:09:09,0x0000abcd,0x0000ffff,6,ipv6,ff02::1a,fe80::212:7409:9:909,64,58,0x0000e7f3,1,00,0,155
49348,66,0x0000d841,34,00:12:74:09:00:09:09:09,0x0000abcd,0x0000ffff,6,ipv6,ff02::1a,fe80::212:7409:9:909,64,58,0x0000e7f3,1,00,0,155
49349,66,0x0000d841,34,00:12:74:09:00:09:09:09,0x0000abcd,0x0000ffff,6,ipv6,ff02::1a,fe80::212:7409:9:909,64,58,0x0000e7f3,1,00,0,155
49350,66,0x0000d841,34,00:12:74:09:00:09:09:09,0x0000abcd,0x0000ffff,6,ipv6,ff02::1a,fe80::212:7409:9:909,64,58,0x0000e7f3,1,00,0,155
49351,66,0x0000d841,34,00:12:74:09:00:09:09:09,0x0000abcd,0x0000ffff,6,ipv6,ff02::1a,fe80::212:7409:9:909,64,58,0x0000e7f3,1,00,0,155
49352,66,0x0000d841,34,00:12:74:09:00:09:09:09,0x0000abcd,0x0000ffff,6,ipv6,ff02::1a,fe80::212:7409:9:909,64,58,0x0000e7f3,1,00,0,155
49353,66,0x0000d841,34,00:12:74:09:00:09:09:09,0x0000abcd,0x0000ffff,6,ipv6,ff02::1a,fe80::212:7409:9:909,64,58,0x0000e7f3,1,00,0,155
49354,66,0x0000d841,34,00:12:74:09:00:09:09:09,0x0000abcd,0x0000ffff,6,ipv6,ff02::1a,fe80::212:7409:9:909,64,58,0x0000e7f3,1,00,0,155
49355,66,0x0000d841,34,00:12:74:09:00:09:09:09,0x0000abcd,0x0000ffff,6,ipv6,ff02::1a,fe80::212:7409:9:909,64,58,0x0000e7f3,1,00,0,155
49356,66,0x0000d841,34,00:12:74:09:00:09:09:09,0x0000abcd,0x0000ffff,6,ipv6,ff02::1a,fe80::212:7409:9:909,64,58,0x0000e7f3,1,00,0,155
55035,66,0x0000d841,35,00:12:74:09:00:09:09:09,0x0000abcd,0x0000ffff,6,ipv6,ff02::1a,fe80::212:7409:9:909,64,58,0x0000e7f3,1,00,0,155
55036,66,0x0000d841,35,00:12:74:09:00:09:09:09,0x0000abcd,0x0000ffff,6,ipv6,ff02::1a,fe80::212:7409:9:909,64,58,0x0000e7f3,1,00,0,155
55037,66,0x0000d841,35,00:12:74:09:00:09:09:09,0x0000abcd,0x0000ffff,6,ipv6,ff02::1a,fe80::212:7409:9:909,64,58,0x0000e7f3,1,00,0,155
55038,66,0x0000d841,35,00:12:74:09:00:09:09:09,0x0000abcd,0x0000ffff,6,ipv6,ff02::1a,fe80::212:7409:9:909,64,58,0x0000e7f3,1,00,0,155
55039,66,0x0000d841,35,00:12:74:09:00:09:09:09,0x0000abcd,0x0000ffff,6,ipv6,ff02::1a,fe80::212:7409:9:909,64,58,0x0000e7f3,1,00,0,155
55040,66,0x0000d841,35,00:12:74:09:00:09:09:09,0x0000abcd,0x0000ffff,6,ipv6,ff02::1a,fe80::212:7409:9:909,64,58,0x0000e7f3,1,00,0,155
55041,66,0x0000d841,35,00:12:74:09:00:09:09:09,0x0000abcd,0x0000ffff,6,ipv6,ff02::1a,fe80::212:7409:9:909,64,58,0x0000e7f3,1,00,0,155
55042,66,0x0000d841,35,00:12:74:09:00:09:09:09,0x0000abcd,0x0000ffff,6,ipv6,ff02::1a,fe80::212:7409:9:909,64,58,0x0000e7f3,1,00,0,155
55043,66,0x0000d841,35,00:12:74:09:00:09:09:09,0x0000abcd,0x0000ffff,6,ipv6,ff02::1a,fe80::212:7409:9:909,64,58,0x0000e7f3,1,00,0,155
55044,66,0x0000d841,35,00:12:74:09:00:09:09:09,0x0000abcd,0x0000ffff,6,ipv6,ff02::1a,fe80::212:7409:9:909,64,58,0x0000e7f3,1,00,0,155
55045,66,0x0000d841,35,00:12:74:09:00:09:09:09,0x0000abcd,0x0000ffff,6,ipv6,ff02::1a,fe80::212:7409:9:909,64,58,0x0000e7f3,1,00,0,155
55046,66,0x0000d841,35,00:12:74:09:00:09:09:09,0x0000abcd,0x0000ffff,6,ipv6,ff02::1a,fe80::212:7409:9:909,64,58,0x0000e7f3,1,00,0,155
55047,66,0x0000d841,35,00:12:74:09:00:09:09:09,0x0000abcd,0x0000ffff,6,ipv6,ff02::1a,fe80::212:7409:9:909,64,58,0x0000e7f3,1,00,0,155
55048,66,0x0000d841,35,00:12:74:09:00:09:09:09,0x0000abcd,0x0000ffff,6,ipv6,ff02::1a,fe80::212:7409:9:909,64,58,0x0000e7f3,1,00,0,155
55049,66,0x0000d841,35,00:12:74:09:00:09:09:09,0x0000abcd,0x0000ffff,6,ipv6,ff02::1a,fe80::212:7409:9:909,64,58,0x0000e7f3,1,00,0,155
55050,66,0x0000d841,35,00:12:74:09:00:09:09:09,0x0000abcd,0x0000ffff,6,ipv6,ff02::1a,fe80::212:7409:9:909,64,58,0x0000e7f3,1,00,0,155
55051,66,0x0000d841,35,00:12:74:09:00:09:09:09,0x0000abcd,0x0000ffff,6,ipv6,ff02::1a,fe80::212:7409:9:909,64,58,0x0000e7f3,1,00,0,155
55052,66,0x0000d841,35,00:12:74:09:00:09:09:09,0x0000abcd,0x0000ffff,6,ipv6,ff02::1a,fe80::212:7409:9:909,64,58,0x0000e7f3,1,00,0,155
55053,66,0x0000d841,35,00:12:74:09:00:09:09:09,0x0000abcd,0x0000ffff,6,ipv6,ff02::1a,fe80::212:7409:9:909,64,58,0x0000e7f3,1,00,0,155
55054,66,0x0000d841,35,00:12:74:09:00:09:09:09,0x0000abcd,0x0000ffff,6,ipv6,ff02::1a,fe80::212:7409:9:909,64,58,0x0000e7f3,1,00,0,155
55055,66,0x0000d841,35,00:12:74:09:00:09:09:09,0x0000abcd,0x0000ffff,6,ipv6,ff02::1a,fe80::212:7409:9:909,64,58,0x0000e7f3,1,00,0,155
55056,66,0x0000d841,35,00:12:74:09:00:09:09:09,0x0000abcd,0x0000ffff,6,ipv6,ff02::1a,fe80::212:7409:9:909,64,58,0x0000e7f3,1,00,0,155
55057,66,0x0000d841,35,00:12:74:09:00:09:09:09,0x0000abcd,0x0000ffff,6,ipv6,ff02::1a,fe80::212:7409:9:909,64,58,0x0000e7f3,1,00,0,155
55058,66,0x0000d841,35,00:12:74:09:00:09:09:09,0x0000abcd,0x0000ffff,6,ipv6,ff02::1a,fe80::212:7409:9:909,64,58,0x0000e7f3,1,00,0,155
55059,66,0x0000d841,35,00:12:74:09:00:09:09:09,0x0000abcd,0x0000ffff,6,ipv6,ff02::1a,fe80::212:7409:9:909,64,58,0x0000e7f3,1,00,0,155
55060,66,0x0000d841,35,00:12:74:09:00:09:09:09,0x0000abcd,0x0000ffff,6,ipv6,ff02::1a,fe80::212:7409:9:909,64,58,0x0000e7f3,1,00,0,155
55061,66,0x0000d841,35,00:12:74:09:00:09:09:09,0x0000abcd,0x0000ffff,6,ipv6,ff02::1a,fe80::212:7409:9:909,64,58,0x0000e7f3,1,00,0,155
55062,66,0x0000d841,35,00:12:74:09:00:09:09:09,0x0000abcd,0x0000ffff,6,ipv6,ff02::1a,fe80::212:7409:9:909,64,58,0x0000e7f3,1,00,0,155
55063,66,0x0000d841,35,00:12:74:09:00:09:09:09,0x0000abcd,0x0000ffff,6,ipv6,ff02::1a,fe80::212:7409:9:909,64,58,0x0000e7f3,1,00,0,155
55064,66,0x0000d841,35,00:12:74:09:00:09:09:09,0x0000abcd,0x0000ffff,6,ipv6,ff02::1a,fe80::212:7409:9:909,64,58,0x0000e7f3,1,00,0,155
55065,66,0x0000d841,35,00:12:74:09:00:09:09:09,0x0000abcd,0x0000ffff,6,ipv6,ff02::1a,fe80::212:7409:9:909,64,58,0x0000e7f3,1,00,0,155
55066,66,0x0000d841,35,00:12:74:09:00:09:09:09,0x0000abcd,0x0000ffff,6,ipv6,ff02::1a,fe80::212:7409:9:909,64,58,0x0000e7f3,1,00,0,155
55067,66,0x0000d841,35,00:12:74:09:00:09:09:09,0x0000abcd,0x0000ffff,6,ipv6,ff02::1a,fe80::212:7409:9:909,64,58,0x0000e7f3,1,00,0,155
55068,66,0x0000d841,35,00:12:74:09:00:09:09:09,0x0000abcd,0x0000ffff,6,ipv6,ff02::1a,fe80::212:7409:9:909,64,58,0x0000e7f3,1,00,0,155
55069,66,0x0000d841,35,00:12:74:09:00:09:09:09,0x0000abcd,0x0000ffff,6,ipv6,ff02::1a,fe80::212:7409:9:909,64,58,0x0000e7f3,1,00,0,155
55070,66,0x0000d841,35,00:12:74:09:00:09:09:09,0x0000abcd,0x0000ffff,6,ipv6,ff02::1a,fe80::212:7409:9:909,64,58,0x0000e7f3,1,00,0,155
55071,66,0x0000d841,35,00:12:74:09:00:09:09:09,0x0000abcd,0x0000ffff,6,ipv6,ff02::1a,fe80::212:7409:9:909,64,58,0x0000e7f3,1,00,0,155
55072,66,0x0000d841,35,00:12:74:09:00:09:09:09,0x0000abcd,0x0000ffff,6,ipv6,ff02::1a,fe80::212:7409:9:909,64,58,0x0000e7f3,1,00,0,155
60451,66,0x0000d841,36,00:12:74:09:00:09:09:09,0x0000abcd,0x0000ffff,6,ipv6,ff02::1a,fe80::212:7409:9:909,64,58,0x0000e7f3,1,00,0,155
60454,66,0x0000d841,36,00:12:74:09:00:09:09:09,0x0000abcd,0x0000ffff,6,ipv6,ff02::1a,fe80::212:7409:9:909,64,58,0x0000e7f3,1,00,0,155
60457,66,0x0000d841,36,00:12:74:09:00:09:09:09,0x0000abcd,0x0000ffff,6,ipv6,ff02::1a,fe80::212:7409:9:909,64,58,0x0000e7f3,1,00,0,155
60460,66,0x0000d841,36,00:12:74:09:00:09:09:09,0x0000abcd,0x0000ffff,6,ipv6,ff02::1a,fe80::212:7409:9:909,64,58,0x0000e7f3,1,00,0,155
60462,66,0x0000d841,36,00:12:74:09:00:09:09:09,0x0000abcd,0x0000ffff,6,ipv6,ff02::1a,fe80::212:7409:9:909,64,58,0x0000e7f3,1,00,0,155
60464,66,0x0000d841,36,00:12:74:09:00:09:09:09,0x0000abcd,0x0000ffff,6,ipv6,ff02::1a,fe80::212:7409:9:909,64,58,0x0000e7f3,1,00,0,155
60467,66,0x0000d841,36,00:12:74:09:00:09:09:09,0x0000abcd,0x0000ffff,6,ipv6,ff02::1a,fe80::212:7409:9:909,64,58,0x0000e7f3,1,00,0,155
60470,66,0x0000d841,36,00:12:74:09:00:09:09:09,0x0000abcd,0x0000ffff,6,ipv6,ff02::1a,fe80::212:7409:9:909,64,58,0x0000e7f3,1,00,0,155
60472,66,0x0000d841,36,00:12:74:09:00:09:09:09,0x0000abcd,0x0000ffff,6,ipv6,ff02::1a,fe80::212:7409:9:909,64,58,0x0000e7f3,1,00,0,155
60474,66,0x0000d841,36,00:12:74:09:00:09:09:09,0x0000abcd,0x0000ffff,6,ipv6,ff02::1a,fe80::212:7409:9:909,64,58,0x0000e7f3,1,00,0,155
60477,66,0x0000d841,36,00:12:74:09:00:09:09:09,0x0000abcd,0x0000ffff,6,ipv6,ff02::1a,fe80::212:7409:9:909,64,58,0x0000e7f3,1,00,0,155
60479,66,0x0000d841,36,00:12:74:09:00:09:09:09,0x0000abcd,0x0000ffff,6,ipv6,ff02::1a,fe80::212:7409:9:909,64,58,0x0000e7f3,1,00,0,155
60481,66,0x0000d841,36,00:12:74:09:00:09:09:09,0x0000abcd,0x0000ffff,6,ipv6,ff02::1a,fe80::212:7409:9:909,64,58,0x0000e7f3,1,00,0,155
60482,66,0x0000d841,36,00:12:74:09:00:09:09:09,0x0000abcd,0x0000ffff,6,ipv6,ff02::1a,fe80::212:7409:9:909,64,58,0x0000e7f3,1,00,0,155
60484,66,0x0000d841,36,00:12:74:09:00:09:09:09,0x0000abcd,0x0000ffff,6,ipv6,ff02::1a,fe80::212:7409:9:909,64,58,0x0000e7f3,1,00,0,155
60486,66,0x0000d841,36,00:12:74:09:00:09:09:09,0x0000abcd,0x0000ffff,6,ipv6,ff02::1a,fe80::212:7409:9:909,64,58,0x0000e7f3,1,00,0,155
60488,66,0x0000d841,36,00:12:74:09:00:09:09:09,0x0000abcd,0x0000ffff,6,ipv6,ff02::1a,fe80::212:7409:9:909,64,58,0x0000e7f3,1,00,0,155
60489,66,0x0000d841,36,00:12:74:09:00:09:09:09,0x0000abcd,0x0000ffff,6,ipv6,ff02::1a,fe80::212:7409:9:909,64,58,0x0000e7f3,1,00,0,155
60491,66,0x0000d841,36,00:12:74:09:00:09:09:09,0x0000abcd,0x0000ffff,6,ipv6,ff02::1a,fe80::212:7409:9:909,64,58,0x0000e7f3,1,00,0,155
60493,66,0x0000d841,36,00:12:74:09:00:09:09:09,0x0000abcd,0x0000ffff,6,ipv6,ff02::1a,fe80::212:7409:9:909,64,58,0x0000e7f3,1,00,0,155
60495,66,0x0000d841,36,00:12:74:09:00:09:09:09,0x0000abcd,0x0000ffff,6,ipv6,ff02::1a,fe80::212:7409:9:909,64,58,0x0000e7f3,1,00,0,155
60497,66,0x0000d841,36,00:12:74:09:00:09:09:09,0x0000abcd,0x0000ffff,6,ipv6,ff02::1a,fe80::212:7409:9:909,64,58,0x0000e7f3,1,00,0,155
60498,66,0x0000d841,36,00:12:74:09:00:09:09:09,0x0000abcd,0x0000ffff,6,ipv6,ff02::1a,fe80::212:7409:9:909,64,58,0x0000e7f3,1,00,0,155
60500,66,0x0000d841,36,00:12:74:09:00:09:09:09,0x0000abcd,0x0000ffff,6,ipv6,ff02::1a,fe80::212:7409:9:909,64,58,0x0000e7f3,1,00,0,155
60502,66,0x0000d841,36,00:12:74:09:00:09:09:09,0x0000abcd,0x0000ffff,6,ipv6,ff02::1a,fe80::212:7409:9:909,64,58,0x0000e7f3,1,00,0,155
60504,66,0x0000d841,36,00:12:74:09:00:09:09:09,0x0000abcd,0x0000ffff,6,ipv6,ff02::1a,fe80::212:7409:9:909,64,58,0x0000e7f3,1,00,0,155
60505,66,0x0000d841,36,00:12:74:09:00:09:09:09,0x0000abcd,0x0000ffff,6,ipv6,ff02::1a,fe80::212:7409:9:909,64,58,0x0000e7f3,1,00,0,155
60507,66,0x0000d841,36,00:12:74:09:00:09:09:09,0x0000abcd,0x0000ffff,6,ipv6,ff02::1a,fe80::212:7409:9:909,64,58,0x0000e7f3,1,00,0,155
60509,66,0x0000d841,36,00:12:74:09:00:09:09:09,0x0000abcd,0x0000ffff,6,ipv6,ff02::1a,fe80::212:7409:9:909,64,58,0x0000e7f3,1,00,0,155
60511,66,0x0000d841,36,00:12:74:09:00:09:09:09,0x0000abcd,0x0000ffff,6,ipv6,ff02::1a,fe80::212:7409:9:909,64,58,0x0000e7f3,1,00,0,155
60512,66,0x0000d841,36,00:12:74:09:00:09:09:09,0x0000abcd,0x0000ffff,6,ipv6,ff02::1a,fe80::212:7409:9:909,64,58,0x0000e7f3,1,00,0,155
60513,66,0x0000d841,36,00:12:74:09:00:09:09:09,0x0000abcd,0x0000ffff,6,ipv6,ff02::1a,fe80::212:7409:9:909,64,58,0x0000e7f3,1,00,0,155
60514,66,0x0000d841,36,00:12:74:09:00:09:09:09,0x0000abcd,0x0000ffff,6,ipv6,ff02::1a,fe80::212:7409:9:909,64,58,0x0000e7f3,1,00,0,155
60515,66,0x0000d841,36,00:12:74:09:00:09:09:09,0x0000abcd,0x0000ffff,6,ipv6,ff02::1a,fe80::212:7409:9:909,64,58,0x0000e7f3,1,00,0,155
60516,66,0x0000d841,36,00:12:74:09:00:09:09:09,0x0000abcd,0x0000ffff,6,ipv6,ff02::1a,fe80::212:7409:9:909,64,58,0x0000e7f3,1,00,0,155
60517,66,0x0000d841,36,00:12:74:09:00:09:09:09,0x0000abcd,0x0000ffff,6,ipv6,ff02::1a,fe80::212:7409:9:909,64,58,0x0000e7f3,1,00,0,155
60518,66,0x0000d841,36,00:12:74:09:00:09:09:09,0x0000abcd,0x0000ffff,6,ipv6,ff02::1a,fe80::212:7409:9:909,64,58,0x0000e7f3,1,00,0,155
60519,66,0x0000d841,36,00:12:74:09:00:09:09:09,0x0000abcd,0x0000ffff,6,ipv6,ff02::1a,fe80::212:7409:9:909,64,58,0x0000e7f3,1,00,0,155
65789,66,0x0000d841,37,00:12:74:09:00:09:09:09,0x0000abcd,0x0000ffff,6,ipv6,ff02::1a,fe80::212:7409:9:909,64,58,0x0000e7f3,1,00,0,155
65790,66,0x0000d841,37,00:12:74:09:00:09:09:09,0x0000abcd,0x0000ffff,6,ipv6,ff02::1a,fe80::212:7409:9:909,64,58,0x0000e7f3,1,00,0,155
65791,66,0x0000d841,37,00:12:74:09:00:09:09:09,0x0000abcd,0x0000ffff,6,ipv6,ff02::1a,fe80::212:7409:9:909,64,58,0x0000e7f3,1,00,0,155
65792,66,0x0000d841,37,00:12:74:09:00:09:09:09,0x0000abcd,0x0000ffff,6,ipv6,ff02::1a,fe80::212:7409:9:909,64,58,0x0000e7f3,1,00,0,155
65793,66,0x0000d841,37,00:12:74:09:00:09:09:09,0x0000abcd,0x0000ffff,6,ipv6,ff02::1a,fe80::212:7409:9:909,64,58,0x0000e7f3,1,00,0,155
65794,66,0x0000d841,37,00:12:74:09:00:09:09:09,0x0000abcd,0x0000ffff,6,ipv6,ff02::1a,fe80::212:7409:9:909,64,58,0x0000e7f3,1,00,0,155
65795,66,0x0000d841,37,00:12:74:09:00:09:09:09,0x0000abcd,0x0000ffff,6,ipv6,ff02::1a,fe80::212:7409:9:909,64,58,0x0000e7f3,1,00,0,155
65796,66,0x0000d841,37,00:12:74:09:00:09:09:09,0x0000abcd,0x0000ffff,6,ipv6,ff02::1a,fe80::212:7409:9:909,64,58,0x0000e7f3,1,00,0,155
65797,66,0x0000d841,37,00:12:74:09:00:09:09:09,0x0000abcd,0x0000ffff,6,ipv6,ff02::1a,fe80::212:7409:9:909,64,58,0x0000e7f3,1,00,0,155
65798,66,0x0000d841,37,00:12:74:09:00:09:09:09,0x0000abcd,0x0000ffff,6,ipv6,ff02::1a,fe80::212:7409:9:909,64,58,0x0000e7f3,1,00,0,155
65799,66,0x0000d841,37,00:12:74:09:00:09:09:09,0x0000abcd,0x0000ffff,6,ipv6,ff02::1a,fe80::212:7409:9:909,64,58,0x0000e7f3,1,00,0,155
65800,66,0x0000d841,37,00:12:74:09:00:09:09:09,0x0000abcd,0x0000ffff,6,ipv6,ff02::1a,fe80::212:7409:9:909,64,58,0x0000e7f3,1,00,0,155
65801,66,0x0000d841,37,00:12:74:09:00:09:09:09,0x0000abcd,0x0000ffff,6,ipv6,ff02::1a,fe80::212:7409:9:909,64,58,0x0000e7f3,1,00,0,155
65802,66,0x0000d841,37,00:12:74:09:00:09:09:09,0x0000abcd,0x0000ffff,6,ipv6,ff02::1a,fe80::212:7409:9:909,64,58,0x0000e7f3,1,00,0,155
65803,66,0x0000d841,37,00:12:74:09:00:09:09:09,0x0000abcd,0x0000ffff,6,ipv6,ff02::1a,fe80::212:7409:9:909,64,58,0x0000e7f3,1,00,0,155
65804,66,0x0000d841,37,00:12:74:09:00:09:09:09,0x0000abcd,0x0000ffff,6,ipv6,ff02::1a,fe80::212:7409:9:909,64,58,0x0000e7f3,1,00,0,155
65805,66,0x0000d841,37,00:12:74:09:00:09:09:09,0x0000abcd,0x0000ffff,6,ipv6,ff02::1a,fe80::212:7409:9:909,64,58,0x0000e7f3,1,00,0,155
65806,66,0x0000d841,37,00:12:74:09:00:09:09:09,0x0000abcd,0x0000ffff,6,ipv6,ff02::1a,fe80::212:7409:9:909,64,58,0x0000e7f3,1,00,0,155
65807,66,0x0000d841,37,00:12:74:09:00:09:09:09,0x0000abcd,0x0000ffff,6,ipv6,ff02::1a,fe80::212:7409:9:909,64,58,0x0000e7f3,1,00,0,155
65808,66,0x0000d841,37,00:12:74:09:00:09:09:09,0x0000abcd,0x0000ffff,6,ipv6,ff02::1a,fe80::212:7409:9:909,64,58,0x0000e7f3,1,00,0,155
65809,66,0x0000d841,37,00:12:74:09:00:09:09:09,0x0000abcd,0x0000ffff,6,ipv6,ff02::1a,fe80::212:7409:9:909,64,58,0x0000e7f3,1,00,0,155
65810,66,0x0000d841,37,00:12:74:09:00:09:09:09,0x0000abcd,0x0000ffff,6,ipv6,ff02::1a,fe80::212:7409:9:909,64,58,0x0000e7f3,1,00,0,155
65811,66,0x0000d841,37,00:12:74:09:00:09:09:09,0x0000abcd,0x0000ffff,6,ipv6,ff02::1a,fe80::212:7409:9:909,64,58,0x0000e7f3,1,00,0,155
65812,66,0x0000d841,37,00:12:74:09:00:09:09:09,0x0000abcd,0x0000ffff,6,ipv6,ff02::1a,fe80::212:7409:9:909,64,58,0x0000e7f3,1,00,0,155
65813,66,0x0000d841,37,00:12:74:09:00:09:09:09,0x0000abcd,0x0000ffff,6,ipv6,ff02::1a,fe80::212:7409:9:909,64,58,0x0000e7f3,1,00,0,155
65814,66,0x0000d841,37,00:12:74:09:00:09:09:09,0x0000abcd,0x0000ffff,6,ipv6,ff02::1a,fe80::212:7409:9:909,64,58,0x0000e7f3,1,00,0,155
65815,66,0x0000d841,37,00:12:74:09:00:09:09:09,0x0000abcd,0x0000ffff,6,ipv6,ff02::1a,fe80::212:7409:9:909,64,58,0x0000e7f3,1,00,0,155
65816,66,0x0000d841,37,00:12:74:09:00:09:09:09,0x0000abcd,0x0000ffff,6,ipv6,ff02::1a,fe80::212:7409:9:909,64,58,0x0000e7f3,1,00,0,155
65817,66,0x0000d841,37,00:12:74:09:00:09:09:09,0x0000abcd,0x0000ffff,6,ipv6,ff02::1a,fe80::212:7409:9:909,64,58,0x0000e7f3,1,00,0,155
65818,66,0x0000d841,37,00:12:74:09:00:09:09:09,0x0000abcd,0x0000ffff,6,ipv6,ff02::1a,fe80::212:7409:9:909,64,58,0x0000e7f3,1,00,0,155
65819,66,0x0000d841,37,00:12:74:09:00:09:09:09,0x0000abcd,0x0000ffff,6,ipv6,ff02::1a,fe80::212:7409:9:909,64,58,0x0000e7f3,1,00,0,155
65820,66,0x0000d841,37,00:12:74:09:00:09:09:09,0x0000abcd,0x0000ffff,6,ipv6,ff02::1a,fe80::212:7409:9:909,64,58,0x0000e7f3,1,00,0,155
65821,66,0x0000d841,37,00:12:74:09:00:09:09:09,0x0000abcd,0x0000ffff,6,ipv6,ff02::1a,fe80::212:7409:9:909,64,58,0x0000e7f3,1,00,0,155
65822,66,0x0000d841,37,00:12:74:09:00:09:09:09,0x0000abcd,0x0000ffff,6,ipv6,ff02::1a,fe80::212:7409:9:909,64,58,0x0000e7f3,1,00,0,155
65823,66,0x0000d841,37,00:12:74:09:00:09:09:09,0x0000abcd,0x0000ffff,6,ipv6,ff02::1a,fe80::212:7409:9:909,64,58,0x0000e7f3,1,00,0,155
65824,66,0x0000d841,37,00:12:74:09:00:09:09:09,0x0000abcd,0x0000ffff,6,ipv6,ff02::1a,fe80::212:7409:9:909,64,58,0x0000e7f3,1,00,0,155
65825,66,0x0000d841,37,00:12:74:09:00:09:09:09,0x0000abcd,0x0000ffff,6,ipv6,ff02::1a,fe80::212:7409:9:909,64,58,0x0000e7f3,1,00,0,155
65826,66,0x0000d841,37,00:12:74:09:00:09:09:09,0x0000abcd,0x0000ffff,6,ipv6,ff02::1a,fe80::212:7409:9:909,64,58,0x0000e7f3,1,00,0,155
70878,66,0x0000d841,38,00:12:74:09:00:09:09:09,0x0000abcd,0x0000ffff,6,ipv6,ff02::1a,fe80::212:7409:9:909,64,58,0x0000e7f3,1,00,0,155
70879,66,0x0000d841,38,00:12:74:09:00:09:09:09,0x0000abcd,0x0000ffff,6,ipv6,ff02::1a,fe80::212:7409:9:909,64,58,0x0000e7f3,1,00,0,155
70880,66,0x0000d841,38,00:12:74:09:00:09:09:09,0x0000abcd,0x0000ffff,6,ipv6,ff02::1a,fe80::212:7409:9:909,64,58,0x0000e7f3,1,00,0,155
70881,66,0x0000d841,38,00:12:74:09:00:09:09:09,0x0000abcd,0x0000ffff,6,ipv6,ff02::1a,fe80::212:7409:9:909,64,58,0x0000e7f3,1,00,0,155
70882,66,0x0000d841,38,00:12:74:09:00:09:09:09,0x0000abcd,0x0000ffff,6,ipv6,ff02::1a,fe80::212:7409:9:909,64,58,0x0000e7f3,1,00,0,155
70883,66,0x0000d841,38,00:12:74:09:00:09:09:09,0x0000abcd,0x0000ffff,6,ipv6,ff02::1a,fe80::212:7409:9:909,64,58,0x0000e7f3,1,00,0,155
70884,66,0x0000d841,38,00:12:74:09:00:09:09:09,0x0000abcd,0x0000ffff,6,ipv6,ff02::1a,fe80::212:7409:9:909,64,58,0x0000e7f3,1,00,0,155
70885,66,0x0000d841,38,00:12:74:09:00:09:09:09,0x0000abcd,0x0000ffff,6,ipv6,ff02::1a,fe80::212:7409:9:909,64,58,0x0000e7f3,1,00,0,155
70886,66,0x0000d841,38,00:12:74:09:00:09:09:09,0x0000abcd,0x0000ffff,6,ipv6,ff02::1a,fe80::212:7409:9:909,64,58,0x0000e7f3,1,00,0,155
70887,66,0x0000d841,38,00:12:74:09:00:09:09:09,0x0000abcd,0x0000ffff,6,ipv6,ff02::1a,fe80::212:7409:9:909,64,58,0x0000e7f3,1,00,0,155
70888,66,0x0000d841,38,00:12:74:09:00:09:09:09,0x0000abcd,0x0000ffff,6,ipv6,ff02::1a,fe80::212:7409:9:909,64,58,0x0000e7f3,1,00,0,155
70889,66,0x0000d841,38,00:12:74:09:00:09:09:09,0x0000abcd,0x0000ffff,6,ipv6,ff02::1a,fe80::212:7409:9:909,64,58,0x0000e7f3,1,00,0,155
70890,66,0x0000d841,38,00:12:74:09:00:09:09:09,0x0000abcd,0x0000ffff,6,ipv6,ff02::1a,fe80::212:7409:9:909,64,58,0x0000e7f3,1,00,0,155
70891,66,0x0000d841,38,00:12:74:09:00:09:09:09,0x0000abcd,0x0000ffff,6,ipv6,ff02::1a,fe80::212:7409:9:909,64,58,0x0000e7f3,1,00,0,155
70892,66,0x0000d841,38,00:12:74:09:00:09:09:09,0x0000abcd,0x0000ffff,6,ipv6,ff02::1a,fe80::212:7409:9:909,64,58,0x0000e7f3,1,00,0,155
70893,66,0x0000d841,38,00:12:74:09:00:09:09:09,0x0000abcd,0x0000ffff,6,ipv6,ff02::1a,fe80::212:7409:9:909,64,58,0x0000e7f3,1,00,0,155
70894,66,0x0000d841,38,00:12:74:09:00:09:09:09,0x0000abcd,0x0000ffff,6,ipv6,ff02::1a,fe80::212:7409:9:909,64,58,0x0000e7f3,1,00,0,155
70895,66,0x0000d841,38,00:12:74:09:00:09:09:09,0x0000abcd,0x0000ffff,6,ipv6,ff02::1a,fe80::212:7409:9:909,64,58,0x0000e7f3,1,00,0,155
70896,66,0x0000d841,38,00:12:74:09:00:09:09:09,0x0000abcd,0x0000ffff,6,ipv6,ff02::1a,fe80::212:7409:9:909,64,58,0x0000e7f3,1,00,0,155
70897,66,0x0000d841,38,00:12:74:09:00:09:09:09,0x0000abcd,0x0000ffff,6,ipv6,ff02::1a,fe80::212:7409:9:909,64,58,0x0000e7f3,1,00,0,155
70898,66,0x0000d841,38,00:12:74:09:00:09:09:09,0x0000abcd,0x0000ffff,6,ipv6,ff02::1a,fe80::212:7409:9:909,64,58,0x0000e7f3,1,00,0,155
70899,66,0x0000d841,38,00:12:74:09:00:09:09:09,0x0000abcd,0x0000ffff,6,ipv6,ff02::1a,fe80::212:7409:9:909,64,58,0x0000e7f3,1,00,0,155
70900,66,0x0000d841,38,00:12:74:09:00:09:09:09,0x0000abcd,0x0000ffff,6,ipv6,ff02::1a,fe80::212:7409:9:909,64,58,0x0000e7f3,1,00,0,155
70901,66,0x0000d841,38,00:12:74:09:00:09:09:09,0x0000abcd,0x0000ffff,6,ipv6,ff02::1a,fe80::212:7409:9:909,64,58,0x0000e7f3,1,00,0,155
70902,66,0x0000d841,38,00:12:74:09:00:09:09:09,0x0000abcd,0x0000ffff,6,ipv6,ff02::1a,fe80::212:7409:9:909,64,58,0x0000e7f3,1,00,0,155
70903,66,0x0000d841,38,00:12:74:09:00:09:09:09,0x0000abcd,0x0000ffff,6,ipv6,ff02::1a,fe80::212:7409:9:909,64,58,0x0000e7f3,1,00,0,155
70904,66,0x0000d841,38,00:12:74:09:00:09:09:09,0x0000abcd,0x0000ffff,6,ipv6,ff02::1a,fe80::212:7409:9:909,64,58,0x0000e7f3,1,00,0,155
70905,66,0x0000d841,38,00:12:74:09:00:09:09:09,0x0000abcd,0x0000ffff,6,ipv6,ff02::1a,fe80::212:7409:9:909,64,58,0x0000e7f3,1,00,0,155
70906,66,0x0000d841,38,00:12:74:09:00:09:09:09,0x0000abcd,0x0000ffff,6,ipv6,ff02::1a,fe80::212:7409:9:909,64,58,0x0000e7f3,1,00,0,155
70907,66,0x0000d841,38,00:12:74:09:00:09:09:09,0x0000abcd,0x0000ffff,6,ipv6,ff02::1a,fe80::212:7409:9:909,64,58,0x0000e7f3,1,00,0,155
70908,66,0x0000d841,38,00:12:74:09:00:09:09:09,0x0000abcd,0x0000ffff,6,ipv6,ff02::1a,fe80::212:7409:9:909,64,58,0x0000e7f3,1,00,0,155
70909,66,0x0000d841,38,00:12:74:09:00:09:09:09,0x0000abcd,0x0000ffff,6,ipv6,ff02::1a,fe80::212:7409:9:909,64,58,0x0000e7f3,1,00,0,155
70910,66,0x0000d841,38,00:12:74:09:00:09:09:09,0x0000abcd,0x0000ffff,6,ipv6,ff02::1a,fe80::212:7409:9:909,64,58,0x0000e7f3,1,00,0,155
70911,66,0x0000d841,38,00:12:74:09:00:09:09:09,0x0000abcd,0x0000ffff,6,ipv6,ff02::1a,fe80::212:7409:9:909,64,58,0x0000e7f3,1,00,0,155
70912,66,0x0000d841,38,00:12:74:09:00:09:09:09,0x0000abcd,0x0000ffff,6,ipv6,ff02::1a,fe80::212:7409:9:909,64,58,0x0000e7f3,1,00,0,155
70913,66,0x0000d841,38,00:12:74:09:00:09:09:09,0x0000abcd,0x0000ffff,6,ipv6,ff02::1a,fe80::212:7409:9:909,64,58,0x0000e7f3,1,00,0,155
70914,66,0x0000d841,38,00:12:74:09:00:09:09:09,0x0000abcd,0x0000ffff,6,ipv6,ff02::1a,fe80::212:7409:9:909,64,58,0x0000e7f3,1,00,0,155
70915,66,0x0000d841,38,00:12:74:09:00:09:09:09,0x0000abcd,0x0000ffff,6,ipv6,ff02::1a,fe80::212:7409:9:909,64,58,0x0000e7f3,1,00,0,155
76117,66,0x0000d841,39,00:12:74:09:00:09:09:09,0x0000abcd,0x0000ffff,6,ipv6,ff02::1a,fe80::212:7409:9:909,64,58,0x0000e7f3,1,00,0,155
76118,66,0x0000d841,39,00:12:74:09:00:09:09:09,0x0000abcd,0x0000ffff,6,ipv6,ff02::1a,fe80::212:7409:9:909,64,58,0x0000e7f3,1,00,0,155
76120,66,0x0000d841,39,00:12:74:09:00:09:09:09,0x0000abcd,0x0000ffff,6,ipv6,ff02::1a,fe80::212:7409:9:909,64,58,0x0000e7f3,1,00,0,155
76122,66,0x0000d841,39,00:12:74:09:00:09:09:09,0x0000abcd,0x0000ffff,6,ipv6,ff02::1a,fe80::212:7409:9:909,64,58,0x0000e7f3,1,00,0,155
76124,66,0x0000d841,39,00:12:74:09:00:09:09:09,0x0000abcd,0x0000ffff,6,ipv6,ff02::1a,fe80::212:7409:9:909,64,58,0x0000e7f3,1,00,0,155
76125,66,0x0000d841,39,00:12:74:09:00:09:09:09,0x0000abcd,0x0000ffff,6,ipv6,ff02::1a,fe80::212:7409:9:909,64,58,0x0000e7f3,1,00,0,155
76126,66,0x0000d841,39,00:12:74:09:00:09:09:09,0x0000abcd,0x0000ffff,6,ipv6,ff02::1a,fe80::212:7409:9:909,64,58,0x0000e7f3,1,00,0,155
76127,66,0x0000d841,39,00:12:74:09:00:09:09:09,0x0000abcd,0x0000ffff,6,ipv6,ff02::1a,fe80::212:7409:9:909,64,58,0x0000e7f3,1,00,0,155
76128,66,0x0000d841,39,00:12:74:09:00:09:09:09,0x0000abcd,0x0000ffff,6,ipv6,ff02::1a,fe80::212:7409:9:909,64,58,0x0000e7f3,1,00,0,155
76129,66,0x0000d841,39,00:12:74:09:00:09:09:09,0x0000abcd,0x0000ffff,6,ipv6,ff02::1a,fe80::212:7409:9:909,64,58,0x0000e7f3,1,00,0,155
76130,66,0x0000d841,39,00:12:74:09:00:09:09:09,0x0000abcd,0x0000ffff,6,ipv6,ff02::1a,fe80::212:7409:9:909,64,58,0x0000e7f3,1,00,0,155
76131,66,0x0000d841,39,00:12:74:09:00:09:09:09,0x0000abcd,0x0000ffff,6,ipv6,ff02::1a,fe80::212:7409:9:909,64,58,0x0000e7f3,1,00,0,155
76132,66,0x0000d841,39,00:12:74:09:00:09:09:09,0x0000abcd,0x0000ffff,6,ipv6,ff02::1a,fe80::212:7409:9:909,64,58,0x0000e7f3,1,00,0,155
76133,66,0x0000d841,39,00:12:74:09:00:09:09:09,0x0000abcd,0x0000ffff,6,ipv6,ff02::1a,fe80::212:7409:9:909,64,58,0x0000e7f3,1,00,0,155
76134,66,0x0000d841,39,00:12:74:09:00:09:09:09,0x0000abcd,0x0000ffff,6,ipv6,ff02::1a,fe80::212:7409:9:909,64,58,0x0000e7f3,1,00,0,155
76135,66,0x0000d841,39,00:12:74:09:00:09:09:09,0x0000abcd,0x0000ffff,6,ipv6,ff02::1a,fe80::212:7409:9:909,64,58,0x0000e7f3,1,00,0,155
76136,66,0x0000d841,39,00:12:74:09:00:09:09:09,0x0000abcd,0x0000ffff,6,ipv6,ff02::1a,fe80::212:7409:9:909,64,58,0x0000e7f3,1,00,0,155
76137,66,0x0000d841,39,00:12:74:09:00:09:09:09,0x0000abcd,0x0000ffff,6,ipv6,ff02::1a,fe80::212:7409:9:909,64,58,0x0000e7f3,1,00,0,155
76138,66,0x0000d841,39,00:12:74:09:00:09:09:09,0x0000abcd,0x0000ffff,6,ipv6,ff02::1a,fe80::212:7409:9:909,64,58,0x0000e7f3,1,00,0,155
76139,66,0x0000d841,39,00:12:74:09:00:09:09:09,0x0000abcd,0x0000ffff,6,ipv6,ff02::1a,fe80::212:7409:9:909,64,58,0x0000e7f3,1,00,0,155
76140,66,0x0000d841,39,00:12:74:09:00:09:09:09,0x0000abcd,0x0000ffff,6,ipv6,ff02::1a,fe80::212:7409:9:909,64,58,0x0000e7f3,1,00,0,155
76141,66,0x0000d841,39,00:12:74:09:00:09:09:09,0x0000abcd,0x0000ffff,6,ipv6,ff02::1a,fe80::212:7409:9:909,64,58,0x0000e7f3,1,00,0,155
76142,66,0x0000d841,39,00:12:74:09:00:09:09:09,0x0000abcd,0x0000ffff,6,ipv6,ff02::1a,fe80::212:7409:9:909,64,58,0x0000e7f3,1,00,0,155
76143,66,0x0000d841,39,00:12:74:09:00:09:09:09,0x0000abcd,0x0000ffff,6,ipv6,ff02::1a,fe80::212:7409:9:909,64,58,0x0000e7f3,1,00,0,155
76144,66,0x0000d841,39,00:12:74:09:00:09:09:09,0x0000abcd,0x0000ffff,6,ipv6,ff02::1a,fe80::212:7409:9:909,64,58,0x0000e7f3,1,00,0,155
76145,66,0x0000d841,39,00:12:74:09:00:09:09:09,0x0000abcd,0x0000ffff,6,ipv6,ff02::1a,fe80::212:7409:9:909,64,58,0x0000e7f3,1,00,0,155
76146,66,0x0000d841,39,00:12:74:09:00:09:09:09,0x0000abcd,0x0000ffff,6,ipv6,ff02::1a,fe80::212:7409:9:909,64,58,0x0000e7f3,1,00,0,155
76147,66,0x0000d841,39,00:12:74:09:00:09:09:09,0x0000abcd,0x0000ffff,6,ipv6,ff02::1a,fe80::212:7409:9:909,64,58,0x0000e7f3,1,00,0,155
76148,66,0x0000d841,39,00:12:74:09:00:09:09:09,0x0000abcd,0x0000ffff,6,ipv6,ff02::1a,fe80::212:7409:9:909,64,58,0x0000e7f3,1,00,0,155
76149,66,0x0000d841,39,00:12:74:09:00:09:09:09,0x0000abcd,0x0000ffff,6,ipv6,ff02::1a,fe80::212:7409:9:909,64,58,0x0000e7f3,1,00,0,155
76150,66,0x0000d841,39,00:12:74:09:00:09:09:09,0x0000abcd,0x0000ffff,6,ipv6,ff02::1a,fe80::212:7409:9:909,64,58,0x0000e7f3,1,00,0,155
76151,66,0x0000d841,39,00:12:74:09:00:09:09:09,0x0000abcd,0x0000ffff,6,ipv6,ff02::1a,fe80::212:7409:9:909,64,58,0x0000e7f3,1,00,0,155
76152,66,0x0000d841,39,00:12:74:09:00:09:09:09,0x0000abcd,0x0000ffff,6,ipv6,ff02::1a,fe80::212:7409:9:909,64,58,0x0000e7f3,1,00,0,155
76153,66,0x0000d841,39,00:12:74:09:00:09:09:09,0x0000abcd,0x0000ffff,6,ipv6,ff02::1a,fe80::212:7409:9:909,64,58,0x0000e7f3,1,00,0,155
76154,66,0x0000d841,39,00:12:74:09:00:09:09:09,0x0000abcd,0x0000ffff,6,ipv6,ff02::1a,fe80::212:7409:9:909,64,58,0x0000e7f3,1,00,0,155
76155,66,0x0000d841,39,00:12:74:09:00:09:09:09,0x0000abcd,0x0000ffff,6,ipv6,ff02::1a,fe80::212:7409:9:909,64,58,0x0000e7f3,1,00,0,155
76156,66,0x0000d841,39,00:12:74:09:00:09:09:09,0x0000abcd,0x0000ffff,6,ipv6,ff02::1a,fe80::212:7409:9:909,64,58,0x0000e7f3,1,00,0,155
76157,66,0x0000d841,39,00:12:74:09:00:09:09:09,0x0000abcd,0x0000ffff,6,ipv6,ff02::1a,fe80::212:7409:9:909,64,58,0x0000e7f3,1,00,0,155
